[
{
    "model": "accounts.user",
    "pk": 1,
    "fields": {
        "password": "pbkdf2_sha256$260000$wX7qhgXPPTVJcnPLtZToJY$2zT3aKCbpdeh2sCx2E17CE91WtT+77oytzmWE9vY+4c=",
        "last_login": "2023-06-15T15:29:33.249Z",
        "is_superuser": true,
        "username": "admin",
        "first_name": "",
        "last_name": "",
        "email": "wkdalswl3949@naver.com",
        "is_staff": true,
        "is_active": true,
        "date_joined": "2023-06-15T09:12:37.374Z",
        "birthday": null,
        "image": "",
        "region": "서울특별시",
        "score": 80,
        "taste": "T",
        "privacy": false,
        "introductions": "",
        "reported": false,
        "words": null,
        "groups": [],
        "user_permissions": [],
        "followings": []
    }
},
{
    "model": "accounts.user",
    "pk": 2,
    "fields": {
        "password": "pbkdf2_sha256$260000$zsMo1a0IZpViVw8YoULQE8$0N6qNPfWn9uajL184kBda9Ficc3z9L8/M2QuosCBApY=",
        "last_login": "2023-06-15T18:21:08.762Z",
        "is_superuser": false,
        "username": "yong",
        "first_name": "용진",
        "last_name": "",
        "email": "skedyd45@naver.com",
        "is_staff": false,
        "is_active": true,
        "date_joined": "2023-06-15T11:35:33.941Z",
        "birthday": "1995-08-07",
        "image": "paints/cef0770b-6772-4995-8554-5aa0b46b2d91.png",
        "region": "인천광역시",
        "score": 20,
        "taste": "F",
        "privacy": true,
        "introductions": "['미래보다는 매 순간 최선을 다하는 것이 더 중요해요.', '내가 좋아하는 걸로 삶을 채워가고 싶어요.', '관심있는 취미들을 깊게 더 나눠보고 싶어요.']",
        "reported": false,
        "words": " 세게 말하지 말아줘,질서 조아,집이 체고,예스맨,나의 행복이 있어야 너도 행복해,맵찔이",
        "groups": [],
        "user_permissions": [],
        "followings": [
            6
        ]
    }
},
{
    "model": "accounts.user",
    "pk": 3,
    "fields": {
        "password": "pbkdf2_sha256$260000$SOi0Q4kj8W4mbOulv1nEju$c8KQh91OLFj8KgqDbLvVODovwLPJh3JFxbvKNGPw9Yg=",
        "last_login": "2023-06-15T18:13:42.159Z",
        "is_superuser": false,
        "username": "ieum",
        "first_name": "안정환",
        "last_name": "",
        "email": "ieum@email.com",
        "is_staff": false,
        "is_active": true,
        "date_joined": "2023-06-15T11:36:10.827Z",
        "birthday": "2000-01-01",
        "image": "paints/6bef5e2e-65de-43dc-bc09-f66381d7f8ee.png",
        "region": "서울특별시",
        "score": 50,
        "taste": "T",
        "privacy": true,
        "introductions": "['관심있는 취미들을 깊게 더 나눠보고 싶어요.', '함께 먹고 마시고 떠들며 놀고 싶어요!', '지속 가능한 삶에 대해 중요하게 생각해요.']",
        "reported": false,
        "words": "왜???,과정 중심,질서 조아,외로운 거 싫어,첫 만남 = 설렘,성인 군자,나는야 피드백 요정,논리적으로 말해,너의 행복은 나의 행복",
        "groups": [],
        "user_permissions": [],
        "followings": []
    }
},
{
    "model": "accounts.user",
    "pk": 4,
    "fields": {
        "password": "pbkdf2_sha256$260000$waLGA0NYhBOcgNTZ1VCvvX$YLYTCE7Uv981fNUNqUX2JfyDdAdTdNyl+bh/hRyLCmE=",
        "last_login": "2023-06-15T18:34:11.384Z",
        "is_superuser": false,
        "username": "miyomi",
        "first_name": "미영",
        "last_name": "",
        "email": "hi@naver.com",
        "is_staff": false,
        "is_active": true,
        "date_joined": "2023-06-15T12:30:23.173Z",
        "birthday": "2000-01-01",
        "image": "paints/5782068f-e856-4da7-9022-0e7e4f79d3f5.png",
        "region": "서울특별시",
        "score": 70,
        "taste": "T",
        "privacy": true,
        "introductions": "['빠른 것보다 천천히 나아가는 것이 낫다고 생각해요.', '누군가에게 영감을 주는 삶을 살고 싶어요.', '결과보다는 시작하는 것이 더 가치 있다고 생각해요.']",
        "reported": false,
        "words": null,
        "groups": [],
        "user_permissions": [],
        "followings": []
    }
},
{
    "model": "accounts.user",
    "pk": 5,
    "fields": {
        "password": "pbkdf2_sha256$260000$nNfD4q500CF3EfIlhhVnPo$8HF0BPDgMoTl8pOVhp7dfjS158a4cCMmvL4BbfDPQws=",
        "last_login": "2023-06-15T18:16:20.431Z",
        "is_superuser": false,
        "username": "yong123",
        "first_name": "용진",
        "last_name": "",
        "email": "yong@abc.com",
        "is_staff": false,
        "is_active": true,
        "date_joined": "2023-06-15T12:39:59.444Z",
        "birthday": "2000-01-01",
        "image": "paints/bc36238e-4c98-49de-83c4-460fa1efd729.png",
        "region": "인천광역시",
        "score": 140,
        "taste": "N",
        "privacy": true,
        "introductions": "['빠른 것보다 천천히 나아가는 것이 낫다고 생각해요.', '누군가에게 영감을 주는 삶을 살고 싶어요.', '관심있는 취미들을 깊게 더 나눠보고 싶어요.']",
        "reported": false,
        "words": null,
        "groups": [],
        "user_permissions": [],
        "followings": []
    }
},
{
    "model": "accounts.user",
    "pk": 6,
    "fields": {
        "password": "pbkdf2_sha256$260000$oPh1tLCxE2OnW9sUBdQIC7$QDiZpmzleZyq/ZM9SaYB/5DjHpRYUi00geR0fP8Y1lQ=",
        "last_login": "2023-06-15T18:11:35.534Z",
        "is_superuser": false,
        "username": "minji",
        "first_name": "장민지",
        "last_name": "",
        "email": "wkdalswl39491@naver.com",
        "is_staff": false,
        "is_active": true,
        "date_joined": "2023-06-15T12:45:50.321Z",
        "birthday": "1997-10-11",
        "image": "",
        "region": "대전광역시",
        "score": 20,
        "taste": "F",
        "privacy": true,
        "introductions": "['함께 먹고 마시고 떠들며 놀고 싶어요!']",
        "reported": false,
        "words": null,
        "groups": [],
        "user_permissions": [],
        "followings": []
    }
},
{
    "model": "accounts.user",
    "pk": 7,
    "fields": {
        "password": "pbkdf2_sha256$260000$AVIL8rElfrS7FdOuXvziy4$/9BEV3hMgsoRfMd6MOaO/jDgYp9ppO9CZf4arpvIN2Y=",
        "last_login": "2023-06-15T13:00:48.157Z",
        "is_superuser": false,
        "username": "jihyun",
        "first_name": "지현",
        "last_name": "",
        "email": "jh@email.com",
        "is_staff": false,
        "is_active": true,
        "date_joined": "2023-06-15T13:00:44.174Z",
        "birthday": "2000-01-01",
        "image": "",
        "region": "서울특별시",
        "score": 140,
        "taste": "N",
        "privacy": false,
        "introductions": "['스스로에게 끊임 없이 질문하는 삶을 지향해요.', '늘 배우고 성장하는 것이 가장 큰 목표예요.']",
        "reported": false,
        "words": null,
        "groups": [],
        "user_permissions": [],
        "followings": []
    }
},
{
    "model": "accounts.user",
    "pk": 8,
    "fields": {
        "password": "pbkdf2_sha256$260000$H0Xn67y0II2q2wNrpJTCyx$GNmDYIhA385QJw1yjl1K+QGqWCB1+oY8bexvkCwD+8s=",
        "last_login": "2023-06-15T19:32:53.467Z",
        "is_superuser": false,
        "username": "minji2",
        "first_name": "장민지",
        "last_name": "",
        "email": "wkdalswl39493@naver.com",
        "is_staff": false,
        "is_active": true,
        "date_joined": "2023-06-15T16:12:53.101Z",
        "birthday": "2000-01-09",
        "image": "다시내놔.jpg",
        "region": "전라북도",
        "score": 130,
        "taste": "T",
        "privacy": false,
        "introductions": "['빠른 것보다 천천히 나아가는 것이 낫다고 생각해요.', '관심있는 취미들을 깊게 더 나눠보고 싶어요.', '반복되는 일상을 특별하게 만들어 보고 싶어요.']",
        "reported": false,
        "words": null,
        "groups": [],
        "user_permissions": [],
        "followings": []
    }
},
{
    "model": "accounts.user",
    "pk": 9,
    "fields": {
        "password": "pbkdf2_sha256$260000$CsKWqmlAehQ23f6kppPRxE$sPh9Bv24Dy3uLN2QEk0RYgrsxDkvDu/iCixaBCcn3Sc=",
        "last_login": "2023-06-15T18:03:28.918Z",
        "is_superuser": false,
        "username": "minji3",
        "first_name": "장",
        "last_name": "",
        "email": "wkdalswl39495@naver.com",
        "is_staff": false,
        "is_active": true,
        "date_joined": "2023-06-15T17:26:40.904Z",
        "birthday": "2000-01-01",
        "image": "상처받음.jpg",
        "region": "광주광역시",
        "score": 140,
        "taste": "N",
        "privacy": true,
        "introductions": "['결과보다는 시작하는 것이 더 가치 있다고 생각해요.', '서로의 고민이나 생각을 나누며 함께 성장해보고 싶어요.', '지속 가능한 삶에 대해 중요하게 생각해요.']",
        "reported": false,
        "words": null,
        "groups": [],
        "user_permissions": [],
        "followings": []
    }
},
{
    "model": "accounts.user",
    "pk": 10,
    "fields": {
        "password": "pbkdf2_sha256$260000$XaaTxKUFzpAghR8ued02K4$FFqUy3WE3/BI4eMV/dLcgb1DU3pHq/nJ05P8w51QOkQ=",
        "last_login": "2023-06-15T17:39:34.270Z",
        "is_superuser": false,
        "username": "ieum2",
        "first_name": "정환",
        "last_name": "",
        "email": "dsuadzv8048@www.hanmail.net.jto.kr",
        "is_staff": false,
        "is_active": true,
        "date_joined": "2023-06-15T17:32:04.620Z",
        "birthday": "2000-01-01",
        "image": "FpZ9v7vaAAEQZIZ.jpg",
        "region": "경상남도",
        "score": 70,
        "taste": "T",
        "privacy": true,
        "introductions": "['누군가에게 영감을 주는 삶을 살고 싶어요.', '결과보다는 시작하는 것이 더 가치 있다고 생각해요.', '함께 먹고 마시고 떠들며 놀고 싶어요!', '지속 가능한 삶에 대해 중요하게 생각해요.']",
        "reported": false,
        "words": "왜?,내가 제일 중요해, 결론만 말해,선 공감 후 피드백,우당탕탕 우영우,무계획이 계획,사람 좋아!,반가워 친구들!,눈치 보여ㅠ, 슈퍼 솔직,우기기 금지,논리적으로 말해,선 이해 후 공감,의미 부여,나의 행복이 있어야 너도 행복해,단호박,육식 동물,식후엔 커피",
        "groups": [],
        "user_permissions": [],
        "followings": []
    }
},
{
    "model": "accounts.track",
    "pk": 1,
    "fields": {
        "user": 2,
        "title": "Old Song",
        "artist": "Standing Egg",
        "album": "Old Song",
        "preview_url": "https://p.scdn.co/mp3-preview/7c588ffd9fbc5cd3c0fd558e5727892c9f79f740?cid=91af32adc3954e49ab13b2cc3858d86b",
        "is_selected": false,
        "image": "track_images/3q2987XcSbQpQIiLmD6z4T.jpg"
    }
},
{
    "model": "accounts.track",
    "pk": 2,
    "fields": {
        "user": 3,
        "title": "Good day",
        "artist": "IU",
        "album": "REAL",
        "preview_url": "https://p.scdn.co/mp3-preview/52e1f651f0659cc8912e1744ccd72e1c60b4108a?cid=91af32adc3954e49ab13b2cc3858d86b",
        "is_selected": false,
        "image": "track_images/1SwZVVH9BnXtLRLi2cbFhw.jpg"
    }
},
{
    "model": "balances.question",
    "pk": 1,
    "fields": {
        "title": "해리 쌤에게 탁희 쌤이 날 별로 안 좋아한다는 얘기를 들었다.",
        "content1": "아... 그래...? 왜....?T^T",
        "content2": "아그래? 왜?",
        "word1": "왤까,왜?,대체 왜??,왜???",
        "word2": "정말 궁금해,호기심,진짜 그냥 궁금해서",
        "image1": "balances/해리 쌤에게 탁희 쌤이 날 별로 안 좋아한다는 얘기를 들었다/상처받음.jpg",
        "image2": "balances/해리 쌤에게 탁희 쌤이 날 별로 안 좋아한다는 얘기를 들었다/진짜궁금.jpg"
    }
},
{
    "model": "balances.question",
    "pk": 2,
    "fields": {
        "title": "탁희쌤이 강의 해주신다고 모여라에 모이라고 하셨다. 근데 갑자기 고민 상담을 하시는데... 당신의 선택은?",
        "content1": "조용히 연결 끊기를 누른다.(프로젝트 할 게 많아...)",
        "content2": "열심히 고민 상담을 해준다.(일단 들어봐야지)",
        "word1": "내가 제일 중요해",
        "word2": "배려왕,고민상담가",
        "image1": "balances/탁희쌤이 강의 해주신다고 모여라에 모이라고 하셨다 근데 갑자기 고민 상담을 하시는데 당신의 선택은/연결끊기_짤.jpg",
        "image2": "balances/탁희쌤이 강의 해주신다고 모여라에 모이라고 하셨다 근데 갑자기 고민 상담을 하시는데 당신의 선택은/경청_짤.jpg"
    }
},
{
    "model": "balances.question",
    "pk": 3,
    "fields": {
        "title": "무연 강사님이 혼영을 하러 가신다고 하신다. 어떤 영화를 추천 해 드릴까?",
        "content1": "팝콘이 다 젖어 버릴 정도로 눈물이 나는 스즈메의 문단속",
        "content2": "팝콘을 먹으면서 오! 재밌다 할 수 있는 가디언즈오브갤럭시",
        "word1": "멜로 영화가 좋아,설렘이 좋아",
        "word2": "영화는 가슴이 웅장해져야지!",
        "image1": "balances/무연 강사님이 혼영을 하러 가신다고 하신다. 어떤 영화를 추천 해 드릴까/ssss.jpg",
        "image2": "balances/무연 강사님이 혼영을 하러 가신다고 하신다. 어떤 영화를 추천 해 드릴까/gaogel.jpg"
    }
},
{
    "model": "balances.question",
    "pk": 4,
    "fields": {
        "title": "3일짜리 프로젝트 코드를 강사님이 실수로 날리셨다 누가 더 좋으신가요?",
        "content1": "사과는 뒷전! 아무 말 없이 코드부터 수습해주시는 해리 쌤",
        "content2": "사과 먼저! 후에 코드 수습해주는 탁희 쌤",
        "word1": "결과 중심, 결론만 말해",
        "word2": "과정 중심, 세게 말하지 말아줘",
        "image1": "",
        "image2": ""
    }
},
{
    "model": "balances.question",
    "pk": 5,
    "fields": {
        "title": "당신은 어떤 멘토를 선택할 건가요?",
        "content1": "탁희 쌤 : 여러분 힘드시죠? 충분히 잘 해내시고 계세요.(토닥)",
        "content2": "해리 쌤 : 앞으로는 더 힘들 거예요. 저만 믿고 따라오세요.(현실)",
        "word1": "선 공감 후 피드백",
        "word2": "위로보단 해결책",
        "image1": "balances/당신은 어떤 멘토를 선택할 건가요/토닥토닥_강사님.jpg",
        "image2": "balances/당신은 어떤 멘토를 선택할 건가요/나만_믿고_따라와.jpg"
    }
},
{
    "model": "balances.question",
    "pk": 6,
    "fields": {
        "title": "여름휴가를 맞이하여 휴가를 준비하는 당신! 누구랑 갈 건가요?",
        "content1": "여행 2시간 전까지 아무것도 안 챙긴 탁희 쌤(없으면 가서 사면 되죠~)",
        "content2": "한 달 전부터 어디 갈지 정하자고 보채는 해리 쌤(혼자선 안 정함)",
        "word1": "충동적이지만 후회는 안 해,아 해야 되는데...,우당탕탕 우영우",
        "word2": "권모술수 권민우,뚝딱뚝딱,질서 조아,계획대로 흘러가면 너무 뿌듯",
        "image1": "balances/여름휴가를 맞이하여 휴가를 준비하는 당신 누구랑 갈 건가요/짐싸기_빈둥.jpg",
        "image2": "balances/여름휴가를 맞이하여 휴가를 준비하는 당신 누구랑 갈 건가요/짐싸기보챔.jpg"
    }
},
{
    "model": "balances.question",
    "pk": 7,
    "fields": {
        "title": "휴가를 누구와 함께 보내고 싶은가요?",
        "content1": "경치 좋은 곳에 숙소를 잡고 쉬자는 해리 쌤",
        "content2": "화려한 도시 라이프를 즐기며 젊음을 느끼자며 탁희쌤",
        "word1": "집이 체고",
        "word2": "집에만 있기 답답해",
        "image1": "balances/휴가를 누구와 함께 보내고 싶은가요/스위스.jpg",
        "image2": "balances/휴가를 누구와 함께 보내고 싶은가요/파리.jpg"
    }
},
{
    "model": "balances.question",
    "pk": 8,
    "fields": {
        "title": "당신은 돌고래와 휴가를 떠났다! 돌고래와 물놀이 중에 돌고래를 물에 빠뜨렸는데...! 갑자기 돌고래가 어떻게 물에 빠뜨릴 수 있냐며 울어버린다. 이때 당신의 선택은?",
        "content1": "너 원래 물에 살잖아...?",
        "content2": "일단 달래준다.",
        "word1": "일단 날 이해 시켜줘",
        "word2": "공감 먼저 해줘...",
        "image1": "balances/당신은 돌고래와 휴가를 떠났다 돌고래와 물놀이 중에 돌고래를 물에 빠뜨렸는데/돌고래_물.jpg",
        "image2": "balances/당신은 돌고래와 휴가를 떠났다 돌고래와 물놀이 중에 돌고래를 물에 빠뜨렸는데/돌고래_토닥.jpg"
    }
},
{
    "model": "balances.question",
    "pk": 9,
    "fields": {
        "title": "스쿠버다이빙을 예약 한 당신! 근데 알고 보니 돌고래의 실수로 예약이 취소되었다. 당신의 선택은?",
        "content1": "흠....돌고래 투어나 갈까?",
        "content2": "하.... 멘붕이다 뭐 해야 하지? (인터넷 서치 중)",
        "word1": "무계획이 계획,미루고 미루고",
        "word2": "계획 없인 불안해,행동하기 전에 생각 100번",
        "image1": "balances/스쿠버다이빙을 예약 한 당신 근데 알고 보니 돌고래의 실수로 예약이 취소되었다/돌고래_투어.jpg",
        "image2": "balances/스쿠버다이빙을 예약 한 당신 근데 알고 보니 돌고래의 실수로 예약이 취소되었다/인터넷_서치.jpg"
    }
},
{
    "model": "balances.question",
    "pk": 10,
    "fields": {
        "title": "돌고래가 지나가는 사람에게 인사를 하며 다닌다. 그 사람이 쳐다볼 때 나의 반응은?",
        "content1": "눈을 피한다....",
        "content2": "hi~~",
        "word1": "사람 좋아!,외로운 거 싫어,반가워 친구들!,첫 만남 = 설렘",
        "word2": "혼자가 편해,시끄러운 거 싫어,천천히 다가와 줘...,첫 만남 = 부담",
        "image1": "balances/돌고래가 지나가는 사람에게 인사를 하며 다닌다 그 사람이 쳐다볼 때 나의 반응은/눈피하는짤.jpg",
        "image2": "balances/돌고래가 지나가는 사람에게 인사를 하며 다닌다 그 사람이 쳐다볼 때 나의 반응은/안녕짤.jpg"
    }
},
{
    "model": "balances.question",
    "pk": 11,
    "fields": {
        "title": "하루 종일 물놀이를 해서 일어날 힘도 없는 당신! 침대에 누워있는데 돌고래가 아까 울어서 미안하다며 사과의 선물을 준다고 한다. 이때 당신은?",
        "content1": "피곤하지만 나도 선물을 준비해서 나간다.",
        "content2": "피곤해...다음에 받을게",
        "word1": "넘치는 정,눈치 보여ㅠ",
        "word2": "자의식 과잉",
        "image1": "balances/하루 종일 물놀이를 해서 일어날 힘도 없는 당신 침대에 누워있는데 돌고래가 아까 울어서 미안하다며 사과의 선물을 준다고 한다 이때 당신은/터벅터벅선물짤.jpg",
        "image2": "balances/하루 종일 물놀이를 해서 일어날 힘도 없는 당신 침대에 누워있는데 돌고래가 아까 울어서 미안하다며 사과의 선물을 준다고 한다 이때 당신은/피곤짤.jpg"
    }
},
{
    "model": "balances.question",
    "pk": 12,
    "fields": {
        "title": "이때 돌고래가 사 달라고 한 선물을 줬는데 마음에 들지 않는다고 엉엉 운다. 이때 당신은?",
        "content1": "네가 사 달라고 했잖아...다시 내놔!",
        "content2": "읭...?스럽지만 일단 달래준다.",
        "word1": "따듯한 로봇, 로봇은 피 안 나와, 슈퍼 솔직",
        "word2": "성인 군자,인내 왕",
        "image1": "balances/이때 돌고래가 사 달라고 한 선물을 줬는데 마음에 들지 않는다고 엉엉 운다 이때 당신은/다시내놔.jpg",
        "image2": "balances/이때 돌고래가 사 달라고 한 선물을 줬는데 마음에 들지 않는다고 엉엉 운다 이때 당신은/울지마.jpg"
    }
},
{
    "model": "balances.question",
    "pk": 13,
    "fields": {
        "title": "돌고래가 음식을 해준다. 근데 맛이 너무 없다... 당신의 선택은?",
        "content1": "정성을 생각하며 토 할 때까지 먹는다.",
        "content2": "맛있다고 해주며 특별히 피드백까지 덤으로 해준다 0.<",
        "word1": "눈치빠름,리액션 봇",
        "word2": "나는야 피드백 요정,빈말을 왜 해?",
        "image1": "balances/돌고래가 음식을 해준다 근데 맛이 너무 없다 당신의 선택은/맛없는음식.jpg",
        "image2": "balances/돌고래가 음식을 해준다 근데 맛이 너무 없다 당신의 선택은/음식피드백.jpg"
    }
},
{
    "model": "balances.question",
    "pk": 14,
    "fields": {
        "title": "숙소에 와보니 난장판이 되었다. 알고 보니 당신에게 삐진 돌고래가 한 짓... 당신의 선택은...?",
        "content1": "돌고래 네가 당장 정리 해.",
        "content2": "돌고래를 먼저 달래준다. 뭐가 그렇게 속상했어?",
        "word1": "우기기 금지,논리적으로 말해,선 이해 후 공감",
        "word2": "로맨티스트,선 공감 후 이해",
        "image1": "balances/숙소에 와보니 난장판이 되었다 알고 보니 당신에게 삐진 돌고래가 한 짓 당신의 선택은/당장치워.jpeg",
        "image2": "balances/숙소에 와보니 난장판이 되었다 알고 보니 당신에게 삐진 돌고래가 한 짓 당신의 선택은/방청소_토닥.jpg"
    }
},
{
    "model": "balances.question",
    "pk": 15,
    "fields": {
        "title": "돌고래가 다음날 아침 갑자기 목이 아프다고 한다. 당신의 반응은?",
        "content1": "괜찮아? 약 사다 줄까?",
        "content2": "무슨 목? 기관지? 뼈?",
        "word1": "",
        "word2": "",
        "image1": "balances/돌고래가 다음날 아침 갑자기 목이 아프다고 한다 당신의 반응은/약_줄까.jpg",
        "image2": "balances/돌고래가 다음날 아침 갑자기 목이 아프다고 한다 당신의 반응은/목.jpg"
    }
},
{
    "model": "balances.question",
    "pk": 16,
    "fields": {
        "title": "돌고래가 내 생각이 났다며 조개껍데기를 가져왔다. 이때 내 반응은?",
        "content1": "조개껍데기네",
        "content2": "헐 감동이야",
        "word1": "의미 부여",
        "word2": "그렇구나~",
        "image1": "balances/돌고래가 내 생각이 났다며 조개껍데기를 가져왔다 이때 내 반응은/그렇구나.jpg",
        "image2": "balances/돌고래가 내 생각이 났다며 조개껍데기를 가져왔다 이때 내 반응은/조개선물.jpg"
    }
},
{
    "model": "balances.question",
    "pk": 17,
    "fields": {
        "title": "돌고래가 난 그냥 네가 좋아>< 하면 당신의 반응은?",
        "content1": "....(감동)",
        "content2": "그래? 왜? (궁금)",
        "word1": "예스맨",
        "word2": "물음표 살인마",
        "image1": "balances/돌고래가 난 그냥 네가 좋아 하면 당신의 반응은/난너가좋아감동.jpg",
        "image2": "balances/돌고래가 난 그냥 네가 좋아 하면 당신의 반응은/진짜궁금.jpg"
    }
},
{
    "model": "balances.question",
    "pk": 18,
    "fields": {
        "title": "즐거운 여행이 끝났습니다! 돌고래가 아쉽다며 피곤한 당신에게 더 놀다가라고 붙잡는다... 당신의 선택은?",
        "content1": "피곤하니 집에 간다.",
        "content2": "피곤하지만 하루 더 같이 있어준다.",
        "word1": "나의 행복이 있어야 너도 행복해,단호박",
        "word2": "너의 행복은 나의 행복,퍼주는 게 좋아",
        "image1": "balances/즐거운 여행이 끝났습니다 돌고래가 아쉽다며 피곤한 당신에게 더 놀다가라고 붙잡는다 당신의 선택은/집간다.jpg",
        "image2": "balances/즐거운 여행이 끝났습니다 돌고래가 아쉽다며 피곤한 당신에게 더 놀다가라고 붙잡는다 당신의 선택은/같이있어줄게.jpg"
    }
},
{
    "model": "balances.question",
    "pk": 19,
    "fields": {
        "title": "당신은 평생 한 종류 음식만 먹어야 합니다! 둘 중 어떤 것을 선택 하겠습니까?",
        "content1": "평생 고기만 먹기",
        "content2": "평생 밀가루만 먹기",
        "word1": "고기 없인 못 살아,육식 동물,고기는 단백질",
        "word2": "밀가루 없인 못 살아,밥보다 빵,밥보다 면",
        "image1": "balances/당신은 평생 한 종류 음식만 먹어야 합니다 둘 중 어떤 것을 선택 하겠습니까/고기.jpg",
        "image2": "balances/당신은 평생 한 종류 음식만 먹어야 합니다 둘 중 어떤 것을 선택 하겠습니까/밀가루.jpg"
    }
},
{
    "model": "balances.question",
    "pk": 20,
    "fields": {
        "title": "당신은 평생 한 종류 음료만 먹어야 합니다! 둘 중 어떤 것을 선택 하겠습니까?",
        "content1": "커피 없인 못 살아",
        "content2": "탄산 없이 치킨을? 무조건 탄산이지",
        "word1": "식후엔 커피,커피수혈",
        "word2": "밥 먹을 때 탄산 필수",
        "image1": "balances/당신은 평생 한 종류 음료만 먹어야 합니다 둘 중 어떤 것을 선택 하겠습니까/커피.jpg",
        "image2": "balances/당신은 평생 한 종류 음료만 먹어야 합니다 둘 중 어떤 것을 선택 하겠습니까/탄산.jpg"
    }
},
{
    "model": "balances.question",
    "pk": 21,
    "fields": {
        "title": "둘 중 하나 남기지 말고 싹싹 다 먹어야 합니다. 뭘 드실 수 있나요?",
        "content1": "한 입 먹기만 해도 다음 날 감당 안 되는 보기만 해도 매운 짬뽕",
        "content2": "한 입 먹기만 해도 속이 느글느글 거리는 느끼한 올리브유 한 병 가득 까르보나라",
        "word1": "맵부심",
        "word2": "해장은 햄버거지,맵찔이",
        "image1": "balances/둘 중 하나 남기지 말고 싹싹 다 먹어야 합니다 뭘 드실 수 있나요/짬뽕.jpg",
        "image2": "balances/둘 중 하나 남기지 말고 싹싹 다 먹어야 합니다 뭘 드실 수 있나요/까르보나라.jpg"
    }
},
{
    "model": "balances.result",
    "pk": 1,
    "fields": {
        "user": 1,
        "chosen_result": {
            "1": 2,
            "2": 1,
            "3": 2,
            "4": 1,
            "5": 2,
            "6": 1,
            "7": 1,
            "8": 2,
            "9": 2,
            "10": 2,
            "11": 1,
            "12": 2,
            "13": 1,
            "14": 2,
            "15": 2,
            "16": 1,
            "17": 1,
            "18": 1,
            "19": 2,
            "20": 1,
            "21": 1
        },
        "word": {
            "1": [
                "정말 궁금해",
                "호기심",
                "진짜 그냥 궁금해서"
            ],
            "2": [
                "내가 제일 중요해"
            ],
            "3": [
                "영화는 가슴이 웅장해져야지!"
            ],
            "4": [
                "결과 중심",
                " 결론만 말해"
            ],
            "5": [
                "위로보단 해결책"
            ],
            "6": [
                "충동적이지만 후회는 안 해",
                "아 해야 되는데...",
                "우당탕탕 우영우"
            ],
            "7": [
                "집이 체고"
            ],
            "8": [
                "공감 먼저 해줘..."
            ],
            "9": [
                "계획 없인 불안해",
                "행동하기 전에 생각 100번"
            ],
            "10": [
                "혼자가 편해",
                "시끄러운 거 싫어",
                "천천히 다가와 줘...",
                "첫 만남 = 부담"
            ],
            "11": [
                "넘치는 정",
                "눈치 보여ㅠ"
            ],
            "12": [
                "성인 군자",
                "인내 왕"
            ],
            "13": [
                "눈치빠름",
                "리액션 봇"
            ],
            "14": [
                "로맨티스트",
                "선 공감 후 이해"
            ],
            "16": [
                "의미 부여"
            ],
            "17": [
                "예스맨"
            ],
            "18": [
                "나의 행복이 있어야 너도 행복해",
                "단호박"
            ],
            "19": [
                "밀가루 없인 못 살아",
                "밥보다 빵",
                "밥보다 면"
            ],
            "20": [
                "식후엔 커피",
                "커피수혈"
            ],
            "21": [
                "맵부심"
            ]
        }
    }
},
{
    "model": "balances.result",
    "pk": 2,
    "fields": {
        "user": 2,
        "chosen_result": {
            "1": 1,
            "2": 2,
            "3": 2,
            "4": 2,
            "5": 1,
            "6": 2,
            "7": 1,
            "8": 2,
            "9": 1,
            "10": 1,
            "11": 1,
            "12": 2,
            "13": 1,
            "14": 2,
            "15": 1,
            "16": 2,
            "17": 1,
            "18": 1,
            "19": 1,
            "20": 2,
            "21": 2
        },
        "word": {
            "1": [
                "왤까",
                "왜?",
                "대체 왜??",
                "왜???"
            ],
            "2": [
                "배려왕",
                "고민상담가"
            ],
            "3": [
                "영화는 가슴이 웅장해져야지!"
            ],
            "4": [
                "과정 중심",
                " 세게 말하지 말아줘"
            ],
            "5": [
                "선 공감 후 피드백"
            ],
            "6": [
                "권모술수 권민우",
                "뚝딱뚝딱",
                "질서 조아",
                "계획대로 흘러가면 너무 뿌듯"
            ],
            "7": [
                "집이 체고"
            ],
            "8": [
                "공감 먼저 해줘..."
            ],
            "9": [
                "무계획이 계획",
                "미루고 미루고"
            ],
            "10": [
                "사람 좋아!",
                "외로운 거 싫어",
                "반가워 친구들!",
                "첫 만남 = 설렘"
            ],
            "11": [
                "넘치는 정",
                "눈치 보여ㅠ"
            ],
            "12": [
                "성인 군자",
                "인내 왕"
            ],
            "13": [
                "눈치빠름",
                "리액션 봇"
            ],
            "14": [
                "로맨티스트",
                "선 공감 후 이해"
            ],
            "17": [
                "예스맨"
            ],
            "18": [
                "나의 행복이 있어야 너도 행복해",
                "단호박"
            ],
            "19": [
                "고기 없인 못 살아",
                "육식 동물",
                "고기는 단백질"
            ],
            "20": [
                "밥 먹을 때 탄산 필수"
            ],
            "21": [
                "해장은 햄버거지",
                "맵찔이"
            ]
        }
    }
},
{
    "model": "balances.result",
    "pk": 3,
    "fields": {
        "user": 3,
        "chosen_result": {
            "1": 1,
            "2": 2,
            "3": 2,
            "4": 2,
            "5": 2,
            "6": 2,
            "7": 2,
            "8": 2,
            "9": 2,
            "10": 1,
            "11": 1,
            "12": 2,
            "13": 2,
            "14": 1,
            "15": 1,
            "16": 1,
            "17": 1,
            "18": 2,
            "19": 1,
            "20": 2,
            "21": 1
        },
        "word": {
            "1": [
                "왤까",
                "왜?",
                "대체 왜??",
                "왜???"
            ],
            "2": [
                "배려왕",
                "고민상담가"
            ],
            "3": [
                "영화는 가슴이 웅장해져야지!"
            ],
            "4": [
                "과정 중심",
                " 세게 말하지 말아줘"
            ],
            "5": [
                "위로보단 해결책"
            ],
            "6": [
                "권모술수 권민우",
                "뚝딱뚝딱",
                "질서 조아",
                "계획대로 흘러가면 너무 뿌듯"
            ],
            "7": [
                "집에만 있기 답답해"
            ],
            "8": [
                "공감 먼저 해줘..."
            ],
            "9": [
                "계획 없인 불안해",
                "행동하기 전에 생각 100번"
            ],
            "10": [
                "사람 좋아!",
                "외로운 거 싫어",
                "반가워 친구들!",
                "첫 만남 = 설렘"
            ],
            "11": [
                "넘치는 정",
                "눈치 보여ㅠ"
            ],
            "12": [
                "성인 군자",
                "인내 왕"
            ],
            "13": [
                "나는야 피드백 요정",
                "빈말을 왜 해?"
            ],
            "14": [
                "우기기 금지",
                "논리적으로 말해",
                "선 이해 후 공감"
            ],
            "17": [
                "예스맨"
            ],
            "18": [
                "너의 행복은 나의 행복",
                "퍼주는 게 좋아"
            ],
            "19": [
                "고기 없인 못 살아",
                "육식 동물",
                "고기는 단백질"
            ],
            "20": [
                "밥 먹을 때 탄산 필수"
            ],
            "21": [
                "맵부심"
            ]
        }
    }
},
{
    "model": "balances.result",
    "pk": 4,
    "fields": {
        "user": 6,
        "chosen_result": {
            "1": 1,
            "2": 1,
            "3": 1,
            "4": 2,
            "5": 1,
            "6": 1,
            "7": 1,
            "8": 1,
            "9": 2,
            "10": 1,
            "11": 1,
            "12": 2,
            "13": 1,
            "14": 2,
            "15": 1,
            "16": 2,
            "17": 1,
            "18": 2,
            "19": 2,
            "20": 1,
            "21": 1
        },
        "word": {
            "1": [
                "왤까",
                "왜?",
                "대체 왜??",
                "왜???"
            ],
            "2": [
                "내가 제일 중요해"
            ],
            "3": [
                "멜로 영화가 좋아",
                "설렘이 좋아"
            ],
            "4": [
                "과정 중심",
                " 세게 말하지 말아줘"
            ],
            "5": [
                "선 공감 후 피드백"
            ],
            "6": [
                "충동적이지만 후회는 안 해",
                "아 해야 되는데...",
                "우당탕탕 우영우"
            ],
            "7": [
                "집이 체고"
            ],
            "8": [
                "일단 날 이해 시켜줘"
            ],
            "9": [
                "계획 없인 불안해",
                "행동하기 전에 생각 100번"
            ],
            "10": [
                "사람 좋아!",
                "외로운 거 싫어",
                "반가워 친구들!",
                "첫 만남 = 설렘"
            ],
            "11": [
                "넘치는 정",
                "눈치 보여ㅠ"
            ],
            "12": [
                "성인 군자",
                "인내 왕"
            ],
            "13": [
                "눈치빠름",
                "리액션 봇"
            ],
            "14": [
                "로맨티스트",
                "선 공감 후 이해"
            ],
            "16": [
                "그렇구나~"
            ],
            "17": [
                "예스맨"
            ],
            "18": [
                "너의 행복은 나의 행복",
                "퍼주는 게 좋아"
            ],
            "19": [
                "밀가루 없인 못 살아",
                "밥보다 빵",
                "밥보다 면"
            ],
            "20": [
                "식후엔 커피",
                "커피수혈"
            ],
            "21": [
                "맵부심"
            ]
        }
    }
},
{
    "model": "balances.result",
    "pk": 5,
    "fields": {
        "user": 8,
        "chosen_result": {
            "1": 2,
            "2": 1,
            "3": 2,
            "4": 1,
            "5": 2,
            "6": 1,
            "7": 1,
            "8": 1,
            "9": 2,
            "10": 1,
            "11": 2,
            "12": 1,
            "13": 2,
            "14": 1,
            "15": 2,
            "16": 2,
            "17": 2,
            "18": 1,
            "19": 1,
            "20": 1,
            "21": 1
        },
        "word": {
            "1": [
                "정말 궁금해",
                "호기심",
                "진짜 그냥 궁금해서"
            ],
            "2": [
                "내가 제일 중요해"
            ],
            "3": [
                "영화는 가슴이 웅장해져야지!"
            ],
            "4": [
                "결과 중심",
                " 결론만 말해"
            ],
            "5": [
                "위로보단 해결책"
            ],
            "6": [
                "충동적이지만 후회는 안 해",
                "아 해야 되는데...",
                "우당탕탕 우영우"
            ],
            "7": [
                "집이 체고"
            ],
            "8": [
                "일단 날 이해 시켜줘"
            ],
            "9": [
                "계획 없인 불안해",
                "행동하기 전에 생각 100번"
            ],
            "10": [
                "사람 좋아!",
                "외로운 거 싫어",
                "반가워 친구들!",
                "첫 만남 = 설렘"
            ],
            "11": [
                "자의식 과잉"
            ],
            "12": [
                "따듯한 로봇",
                " 로봇은 피 안 나와",
                " 슈퍼 솔직"
            ],
            "13": [
                "나는야 피드백 요정",
                "빈말을 왜 해?"
            ],
            "14": [
                "우기기 금지",
                "논리적으로 말해",
                "선 이해 후 공감"
            ],
            "16": [
                "그렇구나~"
            ],
            "17": [
                "물음표 살인마"
            ],
            "18": [
                "나의 행복이 있어야 너도 행복해",
                "단호박"
            ],
            "19": [
                "고기 없인 못 살아",
                "육식 동물",
                "고기는 단백질"
            ],
            "20": [
                "식후엔 커피",
                "커피수혈"
            ],
            "21": [
                "맵부심"
            ]
        }
    }
},
{
    "model": "balances.result",
    "pk": 6,
    "fields": {
        "user": 10,
        "chosen_result": {
            "1": 1,
            "2": 1,
            "3": 1,
            "4": 1,
            "5": 1,
            "6": 1,
            "7": 1,
            "8": 1,
            "9": 1,
            "10": 1,
            "11": 1,
            "12": 1,
            "13": 1,
            "14": 1,
            "15": 1,
            "16": 1,
            "17": 1,
            "18": 1,
            "19": 1,
            "20": 1,
            "21": 1
        },
        "word": {
            "1": [
                "왤까",
                "왜?",
                "대체 왜??",
                "왜???"
            ],
            "2": [
                "내가 제일 중요해"
            ],
            "3": [
                "멜로 영화가 좋아",
                "설렘이 좋아"
            ],
            "4": [
                "결과 중심",
                " 결론만 말해"
            ],
            "5": [
                "선 공감 후 피드백"
            ],
            "6": [
                "충동적이지만 후회는 안 해",
                "아 해야 되는데...",
                "우당탕탕 우영우"
            ],
            "7": [
                "집이 체고"
            ],
            "8": [
                "일단 날 이해 시켜줘"
            ],
            "9": [
                "무계획이 계획",
                "미루고 미루고"
            ],
            "10": [
                "사람 좋아!",
                "외로운 거 싫어",
                "반가워 친구들!",
                "첫 만남 = 설렘"
            ],
            "11": [
                "넘치는 정",
                "눈치 보여ㅠ"
            ],
            "12": [
                "따듯한 로봇",
                " 로봇은 피 안 나와",
                " 슈퍼 솔직"
            ],
            "13": [
                "눈치빠름",
                "리액션 봇"
            ],
            "14": [
                "우기기 금지",
                "논리적으로 말해",
                "선 이해 후 공감"
            ],
            "16": [
                "의미 부여"
            ],
            "17": [
                "예스맨"
            ],
            "18": [
                "나의 행복이 있어야 너도 행복해",
                "단호박"
            ],
            "19": [
                "고기 없인 못 살아",
                "육식 동물",
                "고기는 단백질"
            ],
            "20": [
                "식후엔 커피",
                "커피수혈"
            ],
            "21": [
                "맵부심"
            ]
        }
    }
},
{
    "model": "balances.result",
    "pk": 7,
    "fields": {
        "user": 4,
        "chosen_result": {
            "1": 2,
            "2": 1,
            "3": 2,
            "4": 2,
            "5": 2,
            "6": 2,
            "7": 1,
            "8": 2,
            "9": 1,
            "10": 2,
            "11": 2,
            "12": 1,
            "13": 2,
            "14": 2,
            "15": 1,
            "16": 2,
            "17": 1,
            "18": 2,
            "19": 1,
            "20": 2,
            "21": 1
        },
        "word": {
            "1": [
                "정말 궁금해",
                "호기심",
                "진짜 그냥 궁금해서"
            ],
            "2": [
                "내가 제일 중요해"
            ],
            "3": [
                "영화는 가슴이 웅장해져야지!"
            ],
            "4": [
                "과정 중심",
                " 세게 말하지 말아줘"
            ],
            "5": [
                "위로보단 해결책"
            ],
            "6": [
                "권모술수 권민우",
                "뚝딱뚝딱",
                "질서 조아",
                "계획대로 흘러가면 너무 뿌듯"
            ],
            "7": [
                "집이 체고"
            ],
            "8": [
                "공감 먼저 해줘..."
            ],
            "9": [
                "무계획이 계획",
                "미루고 미루고"
            ],
            "10": [
                "혼자가 편해",
                "시끄러운 거 싫어",
                "천천히 다가와 줘...",
                "첫 만남 = 부담"
            ],
            "11": [
                "자의식 과잉"
            ],
            "12": [
                "따듯한 로봇",
                " 로봇은 피 안 나와",
                " 슈퍼 솔직"
            ],
            "13": [
                "나는야 피드백 요정",
                "빈말을 왜 해?"
            ],
            "14": [
                "로맨티스트",
                "선 공감 후 이해"
            ],
            "16": [
                "그렇구나~"
            ],
            "17": [
                "예스맨"
            ],
            "18": [
                "너의 행복은 나의 행복",
                "퍼주는 게 좋아"
            ],
            "19": [
                "고기 없인 못 살아",
                "육식 동물",
                "고기는 단백질"
            ],
            "20": [
                "밥 먹을 때 탄산 필수"
            ],
            "21": [
                "맵부심"
            ]
        }
    }
},
{
    "model": "posts.post",
    "pk": 4,
    "fields": {
        "user": 3,
        "title": "카페 같이 가고 싶어요.",
        "content": "<p>카페 같이 가실 분 계신가요? 커피 먹고 싶어요</p>\r\n\r\n<p>&nbsp;</p>\r\n\r\n<p><img alt=\"\" src=\"/media/uploads/2023/06/16/cafe-3537801_1280.jpg\" style=\"height:199px; width:300px\" /></p>",
        "category": "맛집",
        "address": "서울 성북구 성북동1가 41",
        "place_name": "페인트커피&바",
        "created_at": "2023-06-15T11:50:05.148Z",
        "updated_at": "2023-06-15T17:35:11.888Z",
        "report": false,
        "image_urls": "/media/uploads/2023/06/16/cafe-3537801_1280.jpg",
        "view_count": 18,
        "like_users": [
            1
        ]
    }
},
{
    "model": "posts.post",
    "pk": 6,
    "fields": {
        "user": 3,
        "title": "저 자꾸 체중이 늘어요",
        "content": "<p>저 몸무게가 늘어서 고민이에요.</p>\r\n\r\n<p>2kg이나 늘었어요.</p>\r\n\r\n<p>어떻게 해야하죠?</p>",
        "category": "익명",
        "address": "서울 강남구 역삼동 822-2",
        "place_name": "맥도날드 강남2호점",
        "created_at": "2023-06-15T12:05:46.148Z",
        "updated_at": "2023-06-15T18:19:54.127Z",
        "report": false,
        "image_urls": "",
        "view_count": 40,
        "like_users": [
            2,
            5
        ]
    }
},
{
    "model": "posts.post",
    "pk": 7,
    "fields": {
        "user": 2,
        "title": "고기 맛집!!!",
        "content": "<p><img alt=\"\" src=\"/media/uploads/2023/06/15/kakaotalk_20230615_205221596_01.jpg\" style=\"height:500px; width:667px\" /></p>\r\n\r\n<p>고기가 너무 맛있습니다 ㅠㅠㅠ</p>\r\n\r\n<p><img alt=\"\" src=\"/media/uploads/2023/06/15/kakaotalk_20230615_205221596_msBcWah.jpg\" style=\"height:667px; width:500px\" /></p>\r\n\r\n<p>고기 다먹고 볶음밥!! 너무 귀여워요</p>\r\n\r\n<p>그리고 이 노래는 제가 좋아하는 노래입니다.</p>",
        "category": "맛집",
        "address": "경기 부천시 중동 1147-8",
        "place_name": "돼슐랭",
        "created_at": "2023-06-15T12:07:05.427Z",
        "updated_at": "2023-06-15T18:21:51.563Z",
        "report": false,
        "image_urls": "/media/uploads/2023/06/15/kakaotalk_20230615_205221596_01.jpg, /media/uploads/2023/06/15/kakaotalk_20230615_205221596_msBcWah.jpg",
        "view_count": 14,
        "like_users": []
    }
},
{
    "model": "posts.post",
    "pk": 8,
    "fields": {
        "user": 3,
        "title": "산책 하러 가요",
        "content": "<p><img alt=\"\" src=\"/media/uploads/2023/06/16/avenue-815297_1280.jpg\" style=\"height:200px; width:300px\" /></p>\r\n\r\n<p>청계천으로 산책하러 가요!!</p>",
        "category": "일상",
        "address": "서울 종로구 서린동 148",
        "place_name": "청계천",
        "created_at": "2023-06-15T14:46:05.363Z",
        "updated_at": "2023-06-15T18:18:32.437Z",
        "report": false,
        "image_urls": "/media/uploads/2023/06/16/avenue-815297_1280.jpg",
        "view_count": 7,
        "like_users": []
    }
},
{
    "model": "posts.post",
    "pk": 9,
    "fields": {
        "user": 6,
        "title": "역시 꽃은 언제 받아도 좋아여ㅎㅎㅎ",
        "content": "<p><img alt=\"\" src=\"/media/uploads/2023/06/15/kakaotalk_20230615_231453033.jpg\" style=\"height:200px; width:200px\" /></p>",
        "category": "일상",
        "address": null,
        "place_name": null,
        "created_at": "2023-06-15T15:01:26.389Z",
        "updated_at": "2023-06-15T17:59:49.112Z",
        "report": false,
        "image_urls": "/media/uploads/2023/06/15/kakaotalk_20230615_231453033.jpg",
        "view_count": 4,
        "like_users": [
            2
        ]
    }
},
{
    "model": "posts.post",
    "pk": 10,
    "fields": {
        "user": 6,
        "title": "수원 카페 추천!!",
        "content": "<p><img alt=\"\" src=\"/media/uploads/2023/06/16/kakaotalk_20230615_232751108.jpg\" style=\"height:356px; width:200px\" /><img alt=\"\" src=\"/media/uploads/2023/06/16/kakaotalk_20230615_232752712.jpg\" style=\"height:356px; width:200px\" /><img alt=\"\" src=\"/media/uploads/2023/06/16/kakaotalk_20230615_232754441.jpg\" style=\"height:267px; width:200px\" /></p>\r\n\r\n<p>여기 고구마 치즈 진짜 맛있어요.... 애견 동반도 가능하니 분위기도 좋고 강아지랑 같이 가면 좋을 것 같습니다:)</p>",
        "category": "맛집",
        "address": "경기 수원시 팔달구 창룡대로7번길 1",
        "place_name": "류온",
        "created_at": "2023-06-15T15:04:05.181Z",
        "updated_at": "2023-06-15T19:10:12.972Z",
        "report": false,
        "image_urls": "/media/uploads/2023/06/16/kakaotalk_20230615_232751108.jpg, /media/uploads/2023/06/16/kakaotalk_20230615_232752712.jpg, /media/uploads/2023/06/16/kakaotalk_20230615_232754441.jpg",
        "view_count": 6,
        "like_users": []
    }
},
{
    "model": "posts.post",
    "pk": 11,
    "fields": {
        "user": 3,
        "title": "곱창 좋아하시나요?",
        "content": "<p>저 오늘 여기 가서 곱창 먹고 왔어요.</p>\r\n\r\n<p>맛있었어요!!<img alt=\"\" src=\"/media/uploads/2023/06/16/gopchang-734303_1280.jpg\" style=\"height:200px; width:300px\" /></p>",
        "category": "맛집",
        "address": "서울 송파구 방이동 64-1",
        "place_name": "별미곱창 본점",
        "created_at": "2023-06-15T15:04:49.721Z",
        "updated_at": "2023-06-15T19:33:08.454Z",
        "report": false,
        "image_urls": "/media/uploads/2023/06/16/gopchang-734303_1280.jpg",
        "view_count": 7,
        "like_users": []
    }
},
{
    "model": "posts.post",
    "pk": 12,
    "fields": {
        "user": 6,
        "title": "떠나요~둘이서~",
        "content": "<p><img alt=\"\" src=\"/media/uploads/2023/06/16/kakaotalk_20230615_233554085.jpg\" style=\"height:150px; width:200px\" /></p>\r\n\r\n<p>작년 이 맘때쯤에 제주도에 갔는데ㅠㅠ 이번에도 또 가고 싶네요 제주도는 노을도 바다도 너무 예뻐서 멍하니 보고만 있어도 좋은 것 같아요 그렇지 않나요?ㅎㅎㅎ</p>",
        "category": "여행",
        "address": "제주특별자치도 제주시 애월읍",
        "place_name": "애월의 어딘가 바다",
        "created_at": "2023-06-15T15:06:41.404Z",
        "updated_at": "2023-06-15T18:00:03.342Z",
        "report": false,
        "image_urls": "/media/uploads/2023/06/16/kakaotalk_20230615_233554085.jpg",
        "view_count": 6,
        "like_users": [
            2
        ]
    }
},
{
    "model": "posts.post",
    "pk": 13,
    "fields": {
        "user": 3,
        "title": "바다로 힐링 다녀왔어요.",
        "content": "<p>바다로 힐링하러 다녀왔습니다.</p>\r\n\r\n<p>바다 색이 너무 예쁘네요!!</p>\r\n\r\n<p><img alt=\"\" src=\"/media/uploads/2023/06/16/beach-666122_1280.jpg\" style=\"height:201px; width:300px\" /></p>",
        "category": "여행",
        "address": "강원특별자치도 강릉시 강문동 산 1",
        "place_name": "경포해수욕장",
        "created_at": "2023-06-15T15:07:36.480Z",
        "updated_at": "2023-06-15T17:35:06.379Z",
        "report": false,
        "image_urls": "/media/uploads/2023/06/16/beach-666122_1280.jpg",
        "view_count": 12,
        "like_users": []
    }
},
{
    "model": "posts.post",
    "pk": 14,
    "fields": {
        "user": 2,
        "title": "권진아 단독 공연 ‘The Flag’ 다녀옴!!",
        "content": "<p><img alt=\"\" src=\"/media/uploads/2023/06/16/kakaotalk_20230616_001128660_loJH2EG.jpg\" style=\"height:667px; width:500px\" /></p>\r\n\r\n<p>권진아 단독 콘서트 다녀왔습니다!!</p>\r\n\r\n<p>음색, 노래 너무 좋아요 ㅠㅠ 완전 힐링하고 돌아왔습니다.​​​​​​</p>",
        "category": "음악",
        "address": "서울 송파구 방이동 88-3",
        "place_name": "올림픽공원",
        "created_at": "2023-06-15T15:10:13.411Z",
        "updated_at": "2023-06-15T17:08:37.122Z",
        "report": false,
        "image_urls": "/media/uploads/2023/06/16/kakaotalk_20230616_001128660_loJH2EG.jpg",
        "view_count": 8,
        "like_users": []
    }
},
{
    "model": "posts.post",
    "pk": 15,
    "fields": {
        "user": 6,
        "title": "생각이 많은 날...",
        "content": "<p><img alt=\"\" src=\"/media/uploads/2023/06/16/kakaotalk_20230615_233202821.jpg\" style=\"height:300px; width:300px\" /></p>\r\n\r\n<p>가끔 이것 저것 생각이 많을 때 물밀듯이 몰아치는 생각들이 감당하기 어려울 때가 있어요... 그럴 땐 아무 생각도 안하고 그냥 어딘가로 훌쩍 떠나고 싶네요</p>",
        "category": "일상",
        "address": null,
        "place_name": null,
        "created_at": "2023-06-15T15:10:46.241Z",
        "updated_at": "2023-06-15T18:27:09.855Z",
        "report": false,
        "image_urls": "/media/uploads/2023/06/16/kakaotalk_20230615_233202821.jpg",
        "view_count": 9,
        "like_users": [
            2
        ]
    }
},
{
    "model": "posts.post",
    "pk": 17,
    "fields": {
        "user": 6,
        "title": "꽃 보고 왔어요!",
        "content": "<p><img alt=\"\" src=\"/media/uploads/2023/06/16/kakaotalk_20230615_233331300.jpg\" style=\"height:533px; width:400px\" /><br />\r\n카페 갔다가 옆에 예쁜 유채꽃밭을 봤네요 꽃밭을 볼거라고 생각 못하고 가니까 더 반갑고 그래서 오랜만에 신나게 사진 찍고 왔습니다!</p>",
        "category": "여행",
        "address": "대전 유성구 갑동로 13",
        "place_name": "오스트리아빈",
        "created_at": "2023-06-15T15:13:57.042Z",
        "updated_at": "2023-06-15T18:27:05.532Z",
        "report": false,
        "image_urls": "/media/uploads/2023/06/16/kakaotalk_20230615_233331300.jpg",
        "view_count": 8,
        "like_users": []
    }
},
{
    "model": "posts.post",
    "pk": 19,
    "fields": {
        "user": 6,
        "title": "친구들이랑 오랜만에!",
        "content": "<p><img alt=\"\" src=\"/media/uploads/2023/06/16/kakaotalk_20230615_233951009.jpg\" style=\"height:300px; width:400px\" /></p>\r\n\r\n<p>친구들이랑 오랜만에 만나서 브런치 카페 갔는데 역시ㅋㅋㅋ 너무 맛있었어요!! 친구들이랑 먹어서 더 맛있는 것 같기도 합니다ㅎㅎ</p>",
        "category": "맛집",
        "address": "경기 수원시 팔달구 창룡대로74번길",
        "place_name": "카페메이븐",
        "created_at": "2023-06-15T15:15:36.159Z",
        "updated_at": "2023-06-15T19:08:34.025Z",
        "report": false,
        "image_urls": "/media/uploads/2023/06/16/kakaotalk_20230615_233951009.jpg",
        "view_count": 6,
        "like_users": []
    }
},
{
    "model": "posts.post",
    "pk": 20,
    "fields": {
        "user": 2,
        "title": "친구집 옥상에서 불멍...",
        "content": "<p><img alt=\"\" src=\"/media/uploads/2023/06/16/kakaotalk_20230616_001707329.jpg\" style=\"height:667px; width:500px\" /></p>\r\n\r\n<p>캠핑은 아니지만 친구들과 웃으며 힐링하는 시간이었습니다~ ㅎㅎㅎㅎ</p>\r\n\r\n<p><img alt=\"\" src=\"/media/uploads/2023/06/16/kakaotalk_20230616_001707329_01.jpg\" style=\"height:667px; width:500px\" /></p>",
        "category": "일상",
        "address": "경기 부천시 역곡동 382",
        "place_name": "역곡역 1호선",
        "created_at": "2023-06-15T15:19:05.635Z",
        "updated_at": "2023-06-15T19:08:37.785Z",
        "report": false,
        "image_urls": "/media/uploads/2023/06/16/kakaotalk_20230616_001707329.jpg, /media/uploads/2023/06/16/kakaotalk_20230616_001707329_01.jpg",
        "view_count": 9,
        "like_users": []
    }
},
{
    "model": "posts.post",
    "pk": 21,
    "fields": {
        "user": 6,
        "title": "제주도 오름",
        "content": "<p><img alt=\"\" src=\"/media/uploads/2023/06/16/kakaotalk_20230615_233618630.jpg\" style=\"height:300px; width:400px\" /></p>\r\n\r\n<p>제주도 오름은 봐도 봐도 너무 좋네요 제주도에 오름이 너무 많아서 가도 가도 끝이 없어요</p>",
        "category": "여행",
        "address": "제주 제주시 구좌읍 송당리",
        "place_name": "아부오름",
        "created_at": "2023-06-15T15:27:13.863Z",
        "updated_at": "2023-06-15T19:08:31.299Z",
        "report": false,
        "image_urls": "/media/uploads/2023/06/16/kakaotalk_20230615_233618630.jpg",
        "view_count": 17,
        "like_users": [
            2
        ]
    }
},
{
    "model": "posts.post",
    "pk": 22,
    "fields": {
        "user": 8,
        "title": "오늘 친구에게 초를 선물 했는데...",
        "content": "<p><img alt=\"\" src=\"/media/uploads/2023/06/16/kakaotalk_20230615_232651549.jpg\" style=\"height:533px; width:400px\" /></p>\r\n\r\n<p>얘네 왜 다 앞으로 쏠려있냐....ㅋㅋㅋㅋㅋㅋ 야야 너 싸움 잘 해? 하는 것 같네 ㅋㅋㅋㅋ</p>",
        "category": "일상",
        "address": null,
        "place_name": null,
        "created_at": "2023-06-15T16:16:38.934Z",
        "updated_at": "2023-06-15T19:27:50.569Z",
        "report": false,
        "image_urls": "/media/uploads/2023/06/16/kakaotalk_20230615_232651549.jpg",
        "view_count": 5,
        "like_users": []
    }
},
{
    "model": "posts.post",
    "pk": 23,
    "fields": {
        "user": 8,
        "title": "sqld 공부하는데....",
        "content": "<p><img alt=\"\" src=\"/media/uploads/2023/06/16/kakaotalk_20230615_232814321.jpg\" style=\"height:400px; width:300px\" /></p>\r\n\r\n<p>아 진짜 하기 싫다... 이거 3일만 공부하면 합격 할 수 있지 않아?</p>",
        "category": "일상",
        "address": null,
        "place_name": null,
        "created_at": "2023-06-15T16:18:36.656Z",
        "updated_at": "2023-06-15T18:05:31.800Z",
        "report": false,
        "image_urls": "/media/uploads/2023/06/16/kakaotalk_20230615_232814321.jpg",
        "view_count": 5,
        "like_users": []
    }
},
{
    "model": "posts.post",
    "pk": 24,
    "fields": {
        "user": 8,
        "title": "역시 아는 맛이 무서워...",
        "content": "<p><img alt=\"\" src=\"/media/uploads/2023/06/16/kakaotalk_20230615_233023364.jpg\" style=\"height:250px; width:250px\" /><img alt=\"\" src=\"/media/uploads/2023/06/16/kakaotalk_20230615_233107688.jpg\" style=\"height:250px; width:188px\" /></p>\r\n\r\n<p>친구들이랑 홈파티 국룩 = 엽떡에 뿌링클</p>",
        "category": "맛집",
        "address": null,
        "place_name": null,
        "created_at": "2023-06-15T16:20:46.839Z",
        "updated_at": "2023-06-15T19:27:43.971Z",
        "report": false,
        "image_urls": "/media/uploads/2023/06/16/kakaotalk_20230615_233023364.jpg, /media/uploads/2023/06/16/kakaotalk_20230615_233107688.jpg",
        "view_count": 11,
        "like_users": []
    }
},
{
    "model": "posts.post",
    "pk": 25,
    "fields": {
        "user": 6,
        "title": "이거 어릴 때 딱 첫사랑 생각납니다ㅎㅎ",
        "content": "<p><img alt=\"\" src=\"/media/uploads/2023/06/16/ibtxvv.jpg\" style=\"height:300px; width:300px\" /></p>\r\n\r\n<p>이 노래 엄청 간질간질ㅎㅎ 가사를 생각하시면서 들으시는 걸 추천합니다!</p>",
        "category": "음악",
        "address": null,
        "place_name": null,
        "created_at": "2023-06-15T16:52:39.975Z",
        "updated_at": "2023-06-15T19:08:25.756Z",
        "report": false,
        "image_urls": "/media/uploads/2023/06/16/ibtxvv.jpg",
        "view_count": 42,
        "like_users": []
    }
},
{
    "model": "posts.post",
    "pk": 26,
    "fields": {
        "user": 6,
        "title": "요즘 자꾸 기분이 울적해요",
        "content": "<p><img alt=\"\" src=\"/media/uploads/2023/06/16/fyiqne.jpg\" style=\"height:199px; width:300px\" /></p>\r\n\r\n<p>요즘 하루종일 공부만 하다 보니까 재밌는 일도 없고 똑같은 일상에 너무 지루한데ㅠㅠ 너무 힘드네요</p>",
        "category": "익명",
        "address": null,
        "place_name": null,
        "created_at": "2023-06-15T18:14:14.237Z",
        "updated_at": "2023-06-15T19:27:27.700Z",
        "report": false,
        "image_urls": "/media/uploads/2023/06/16/fyiqne.jpg",
        "view_count": 12,
        "like_users": [
            5
        ]
    }
},
{
    "model": "posts.post",
    "pk": 27,
    "fields": {
        "user": 6,
        "title": "좋아하는 사람이 생겼는데....",
        "content": "<p><img alt=\"\" src=\"/media/uploads/2023/06/16/bwczrl.jpg\" style=\"height:750px; width:500px\" /></p>\r\n\r\n<p>제가 지금 10살인데... 이번에 좋아하는 여자애가 생겼거든요? 어떻게 고백을 해야할지ㅜㅠㅠ 고민입니다... 사진은 그 여자애가 프사예요ㅠㅠ</p>",
        "category": "익명",
        "address": null,
        "place_name": null,
        "created_at": "2023-06-15T18:24:15.883Z",
        "updated_at": "2023-06-15T19:31:01.862Z",
        "report": false,
        "image_urls": "/media/uploads/2023/06/16/bwczrl.jpg",
        "view_count": 13,
        "like_users": []
    }
},
{
    "model": "posts.post",
    "pk": 28,
    "fields": {
        "user": 2,
        "title": "너무 졸려요 ㅠㅠ",
        "content": "<p>졸릴때 듣는 노래 ??</p>",
        "category": "익명",
        "address": null,
        "place_name": null,
        "created_at": "2023-06-15T18:45:58.239Z",
        "updated_at": "2023-06-15T19:21:02.828Z",
        "report": false,
        "image_urls": "",
        "view_count": 6,
        "like_users": []
    }
},
{
    "model": "posts.post",
    "pk": 29,
    "fields": {
        "user": 2,
        "title": "앞으로의 진로가 너무 고민이에요 ㅠㅠㅠ",
        "content": "<p><img alt=\"\" src=\"/media/uploads/2023/06/16/python.png\" style=\"height:512px; width:512px\" />파이썬?</p>\r\n\r\n<p>자바?</p>\r\n\r\n<p>프론트?</p>\r\n\r\n<p>JS?</p>\r\n\r\n<p>리액트?</p>\r\n\r\n<p>어느 진로 공부를 해야할지 고민이네요 ㅠㅠ</p>",
        "category": "익명",
        "address": "서울 강남구 역삼동 701",
        "place_name": "멀티캠퍼스 본사",
        "created_at": "2023-06-15T18:51:10.354Z",
        "updated_at": "2023-06-15T19:27:17.247Z",
        "report": false,
        "image_urls": "/media/uploads/2023/06/16/python.png",
        "view_count": 8,
        "like_users": []
    }
},
{
    "model": "posts.post",
    "pk": 30,
    "fields": {
        "user": 2,
        "title": "이 노래 저만 좋아요??",
        "content": "<p><img alt=\"\" src=\"/media/uploads/2023/06/16/6isx2bdnvr5et4ojprpkrs.jpg\" style=\"height:640px; width:640px\" />이 노래 너무 좋은대 나만 그런가요????</p>",
        "category": "익명",
        "address": null,
        "place_name": null,
        "created_at": "2023-06-15T18:53:33.847Z",
        "updated_at": "2023-06-15T19:27:36.927Z",
        "report": false,
        "image_urls": "/media/uploads/2023/06/16/6isx2bdnvr5et4ojprpkrs.jpg",
        "view_count": 14,
        "like_users": []
    }
},
{
    "model": "posts.post",
    "pk": 31,
    "fields": {
        "user": 2,
        "title": "배고 파요!!",
        "content": "<p><img alt=\"\" src=\"/media/uploads/2023/06/16/fmzdbk.jpg\" style=\"height:153px; width:222px\" /></p>\r\n\r\n<p>칰칰</p>",
        "category": "익명",
        "address": "인천 연수구 송도동 149",
        "place_name": "푸라닭치킨 인천송도점",
        "created_at": "2023-06-15T19:22:01.364Z",
        "updated_at": "2023-06-15T19:28:15.107Z",
        "report": false,
        "image_urls": "/media/uploads/2023/06/16/fmzdbk.jpg",
        "view_count": 5,
        "like_users": []
    }
},
{
    "model": "posts.post",
    "pk": 32,
    "fields": {
        "user": 2,
        "title": "위즐 칙촉!",
        "content": "<p><img alt=\"\" src=\"/media/uploads/2023/06/16/qnmvni.jpg\" style=\"height:127px; width:127px\" /></p>\r\n\r\n<p>위즐 너무 맛있어</p>",
        "category": "익명",
        "address": null,
        "place_name": null,
        "created_at": "2023-06-15T19:29:07.865Z",
        "updated_at": "2023-06-15T19:29:07.866Z",
        "report": false,
        "image_urls": "/media/uploads/2023/06/16/qnmvni.jpg",
        "view_count": 0,
        "like_users": []
    }
},
{
    "model": "posts.post",
    "pk": 33,
    "fields": {
        "user": 8,
        "title": "대게가 대게 좋아 ㅎㅎㅎㅎ",
        "content": "<p>대게가 대게 좋아용<img alt=\"\" src=\"/media/uploads/2023/06/16/vigkdr.jpg\" style=\"height:667px; width:500px\" /></p>",
        "category": "맛집",
        "address": "인천 중구 항동7가 85-73",
        "place_name": "인천항 연안부두",
        "created_at": "2023-06-15T19:35:18.481Z",
        "updated_at": "2023-06-15T19:35:29.120Z",
        "report": false,
        "image_urls": "/media/uploads/2023/06/16/vigkdr.jpg",
        "view_count": 1,
        "like_users": []
    }
},
{
    "model": "posts.post",
    "pk": 34,
    "fields": {
        "user": 8,
        "title": "마카롱롱",
        "content": "<p>무무이 마카롱 맛있어요<img alt=\"\" src=\"/media/uploads/2023/06/16/kakaotalk_20230616_043652621.jpg\" style=\"height:667px; width:500px\" /></p>",
        "category": "맛집",
        "address": "인천 연수구 송도동 171",
        "place_name": "무무이",
        "created_at": "2023-06-15T19:37:17.898Z",
        "updated_at": "2023-06-15T19:38:39.224Z",
        "report": false,
        "image_urls": "/media/uploads/2023/06/16/kakaotalk_20230616_043652621.jpg",
        "view_count": 4,
        "like_users": []
    }
},
{
    "model": "posts.post",
    "pk": 35,
    "fields": {
        "user": 8,
        "title": "자전거 여행 가실분",
        "content": "<p><img alt=\"\" src=\"/media/uploads/2023/06/16/lniajq.jpg\" style=\"height:188px; width:268px\" /></p>\r\n\r\n<p>자전거 여행 가실분????&nbsp;</p>",
        "category": "여행",
        "address": "강원특별자치도 강릉시 강문동 산 1",
        "place_name": "경포해수욕장",
        "created_at": "2023-06-15T19:45:32.761Z",
        "updated_at": "2023-06-15T19:47:43.967Z",
        "report": false,
        "image_urls": "/media/uploads/2023/06/16/lniajq.jpg",
        "view_count": 4,
        "like_users": []
    }
},
{
    "model": "posts.comment",
    "pk": 2,
    "fields": {
        "user": 4,
        "post": 6,
        "content": "앗... 저는 6Kg 쪘어요 ㅠㅠ 프로젝트 끝나면 운동 제대로 해야겠어요 흑흑",
        "created_at": "2023-06-15T13:17:17.400Z",
        "updated_at": "2023-06-15T13:17:17.400Z",
        "category": "익명",
        "report": false,
        "like_users": [
            3
        ]
    }
},
{
    "model": "posts.comment",
    "pk": 3,
    "fields": {
        "user": 4,
        "post": 6,
        "content": "음... 2kg 찌셨으니, 이제 45kg이신가요? 우왕",
        "created_at": "2023-06-15T13:17:50.453Z",
        "updated_at": "2023-06-15T13:17:50.453Z",
        "category": "익명",
        "report": false,
        "like_users": [
            3
        ]
    }
},
{
    "model": "posts.comment",
    "pk": 4,
    "fields": {
        "user": 10,
        "post": 24,
        "content": "뿌링클 먹고 싶어요",
        "created_at": "2023-06-15T17:34:40.836Z",
        "updated_at": "2023-06-15T17:34:40.836Z",
        "category": "맛집",
        "report": false,
        "like_users": [
            3
        ]
    }
},
{
    "model": "posts.comment",
    "pk": 5,
    "fields": {
        "user": 10,
        "post": 23,
        "content": "2일 가능",
        "created_at": "2023-06-15T17:34:50.523Z",
        "updated_at": "2023-06-15T17:34:50.523Z",
        "category": "일상",
        "report": false,
        "like_users": []
    }
},
{
    "model": "posts.comment",
    "pk": 6,
    "fields": {
        "user": 10,
        "post": 22,
        "content": "물어!!",
        "created_at": "2023-06-15T17:35:03.430Z",
        "updated_at": "2023-06-15T17:35:03.430Z",
        "category": "일상",
        "report": false,
        "like_users": []
    }
},
{
    "model": "posts.comment",
    "pk": 7,
    "fields": {
        "user": 3,
        "post": 26,
        "content": "뿌링클 먹고 힘내요!",
        "created_at": "2023-06-15T18:19:08.005Z",
        "updated_at": "2023-06-15T18:19:08.005Z",
        "category": "익명",
        "report": false,
        "like_users": []
    }
},
{
    "model": "posts.comment",
    "pk": 8,
    "fields": {
        "user": 4,
        "post": 24,
        "content": "배고파요...... ㅠㅠ",
        "created_at": "2023-06-15T18:36:40.257Z",
        "updated_at": "2023-06-15T18:36:40.257Z",
        "category": "맛집",
        "report": false,
        "like_users": []
    }
},
{
    "model": "posts.posttrack",
    "pk": 2,
    "fields": {
        "post": 4,
        "user": 3,
        "title": "Good day",
        "artist": "IU",
        "album": "REAL",
        "preview_url": "https://p.scdn.co/mp3-preview/52e1f651f0659cc8912e1744ccd72e1c60b4108a?cid=91af32adc3954e49ab13b2cc3858d86b",
        "is_selected": false,
        "image": "post_track_images/1SwZVVH9BnXtLRLi2cbFhw.jpg"
    }
},
{
    "model": "posts.posttrack",
    "pk": 3,
    "fields": {
        "post": 6,
        "user": 3,
        "title": "팥빙수",
        "artist": "Yoon Jong Shin",
        "album": "Monthly Project 2017 Yoon Jong Shin",
        "preview_url": "https://p.scdn.co/mp3-preview/0088a4803674758c808db33428c12b1a74040104?cid=91af32adc3954e49ab13b2cc3858d86b",
        "is_selected": false,
        "image": "post_track_images/6XumhWU7ChgADoe9iYWzAz.jpg"
    }
},
{
    "model": "posts.posttrack",
    "pk": 4,
    "fields": {
        "post": 7,
        "user": 2,
        "title": "Old Song",
        "artist": "Standing Egg",
        "album": "Old Song",
        "preview_url": "https://p.scdn.co/mp3-preview/7c588ffd9fbc5cd3c0fd558e5727892c9f79f740?cid=91af32adc3954e49ab13b2cc3858d86b",
        "is_selected": false,
        "image": "post_track_images/3q2987XcSbQpQIiLmD6z4T.jpg"
    }
},
{
    "model": "posts.posttrack",
    "pk": 5,
    "fields": {
        "post": 11,
        "user": 3,
        "title": "Good day",
        "artist": "IU",
        "album": "REAL",
        "preview_url": "https://p.scdn.co/mp3-preview/52e1f651f0659cc8912e1744ccd72e1c60b4108a?cid=91af32adc3954e49ab13b2cc3858d86b",
        "is_selected": false,
        "image": "post_track_images/1SwZVVH9BnXtLRLi2cbFhw_5GCWSdp.jpg"
    }
},
{
    "model": "posts.posttrack",
    "pk": 6,
    "fields": {
        "post": 12,
        "user": 6,
        "title": "제주도의 푸른 밤",
        "artist": "Sung Si Kyung",
        "album": "Sung Si kyung Remake Album",
        "preview_url": "https://p.scdn.co/mp3-preview/d727c948b2c45128332a72c202b6e80db689ce0a?cid=91af32adc3954e49ab13b2cc3858d86b",
        "is_selected": false,
        "image": "post_track_images/7dxyNzfhhXpqIHttzNFxn5.jpg"
    }
},
{
    "model": "posts.posttrack",
    "pk": 7,
    "fields": {
        "post": 15,
        "user": 6,
        "title": "Lean on you",
        "artist": "Yun DDanDDan",
        "album": "Wedding diary",
        "preview_url": "https://p.scdn.co/mp3-preview/65c995cc0217dba0c4785dc2a23882b68600b362?cid=91af32adc3954e49ab13b2cc3858d86b",
        "is_selected": false,
        "image": "post_track_images/6xLthbQ0nYpBVh4Tbe55de.jpg"
    }
},
{
    "model": "posts.posttrack",
    "pk": 8,
    "fields": {
        "post": 14,
        "user": 2,
        "title": "Stupid Love",
        "artist": "Kwon Jin Ah",
        "album": "Stupid Love",
        "preview_url": "https://p.scdn.co/mp3-preview/0294ff50984a3e8a2eb3bb912422b010d963b3cb?cid=91af32adc3954e49ab13b2cc3858d86b",
        "is_selected": false,
        "image": "post_track_images/3GpaewakLswMXhewU2sSxp.jpg"
    }
},
{
    "model": "posts.posttrack",
    "pk": 9,
    "fields": {
        "post": 17,
        "user": 6,
        "title": "The Sea with Stars (Feat. Hailey Jeong)",
        "artist": "SUNNYSIDEMJ",
        "album": "The Sea with Stars",
        "preview_url": "https://p.scdn.co/mp3-preview/de953e9d8d525ed7c881457541f401ca631af7fd?cid=91af32adc3954e49ab13b2cc3858d86b",
        "is_selected": false,
        "image": "post_track_images/7pEMEaMHoFkt60BPWVKWC0.jpg"
    }
},
{
    "model": "posts.posttrack",
    "pk": 10,
    "fields": {
        "post": 20,
        "user": 2,
        "title": "Shiny Star(2020)",
        "artist": "KyoungSeo",
        "album": "Shiny Star(2020)",
        "preview_url": "https://p.scdn.co/mp3-preview/08e4c2ae2dec7d23afda153c6ac4028d44500efa?cid=91af32adc3954e49ab13b2cc3858d86b",
        "is_selected": false,
        "image": "post_track_images/7MXtr93z4ltQzhfIxYnYWX.jpg"
    }
},
{
    "model": "posts.posttrack",
    "pk": 11,
    "fields": {
        "post": 22,
        "user": 8,
        "title": "Shiny Star(2020)",
        "artist": "KyoungSeo",
        "album": "Shiny Star(2020)",
        "preview_url": "https://p.scdn.co/mp3-preview/08e4c2ae2dec7d23afda153c6ac4028d44500efa?cid=91af32adc3954e49ab13b2cc3858d86b",
        "is_selected": false,
        "image": "post_track_images/7MXtr93z4ltQzhfIxYnYWX_rHJqGOL.jpg"
    }
},
{
    "model": "posts.posttrack",
    "pk": 14,
    "fields": {
        "post": 26,
        "user": 6,
        "title": "Way to Go",
        "artist": "Girls' Generation",
        "album": "Gee - The First Mini Album",
        "preview_url": "https://p.scdn.co/mp3-preview/4434a1335545ba3019f04260138f54672ef67f83?cid=91af32adc3954e49ab13b2cc3858d86b",
        "is_selected": false,
        "image": "post_track_images/2DT90JqDCM9HOTmMBukznE.jpg"
    }
},
{
    "model": "posts.posttrack",
    "pk": 16,
    "fields": {
        "post": 25,
        "user": 6,
        "title": "First Love Two (Feat. Yoon Hae Sol)",
        "artist": "SUNNYSIDEMJ",
        "album": "First Love Part.2",
        "preview_url": "https://p.scdn.co/mp3-preview/e7ab08eb0a35d3f85495ce439d1067fd94846460?cid=91af32adc3954e49ab13b2cc3858d86b",
        "is_selected": false,
        "image": "post_track_images/6VUg4xRprtV573WarNLWBe.jpg"
    }
},
{
    "model": "posts.posttrack",
    "pk": 17,
    "fields": {
        "post": 27,
        "user": 6,
        "title": "Shiny Star(2020)",
        "artist": "KyoungSeo",
        "album": "Shiny Star(2020)",
        "preview_url": "https://p.scdn.co/mp3-preview/08e4c2ae2dec7d23afda153c6ac4028d44500efa?cid=91af32adc3954e49ab13b2cc3858d86b",
        "is_selected": false,
        "image": "post_track_images/7MXtr93z4ltQzhfIxYnYWX_KzftXrT.jpg"
    }
},
{
    "model": "posts.posttrack",
    "pk": 18,
    "fields": {
        "post": 28,
        "user": 2,
        "title": "Canon - Drama Version",
        "artist": "Mido and Falasol",
        "album": "HOSPITAL PLAYLIST (Original Television Soundtrack), Pt. 10",
        "preview_url": "https://p.scdn.co/mp3-preview/d6a03981eaeee1c6d6aee4cdb53459d76215e98b?cid=91af32adc3954e49ab13b2cc3858d86b",
        "is_selected": false,
        "image": "post_track_images/5H6ZNXRMaF2O9fREVdCVUX.jpg"
    }
},
{
    "model": "posts.posttrack",
    "pk": 19,
    "fields": {
        "post": 29,
        "user": 2,
        "title": "해요",
        "artist": "윤하",
        "album": "투유프로젝트 - Sugar Man3 Episode.11",
        "preview_url": "https://p.scdn.co/mp3-preview/4c027b89a713935b29a52c93b26879de5ce5da84?cid=91af32adc3954e49ab13b2cc3858d86b",
        "is_selected": false,
        "image": "post_track_images/7LM9ggUXyr3lYik9VmfoQo.jpg"
    }
},
{
    "model": "posts.posttrack",
    "pk": 20,
    "fields": {
        "post": 30,
        "user": 2,
        "title": "밤하늘의 별을 6 (with 알렉스 & 피어)",
        "artist": "Yang Jung Seung",
        "album": "밤하늘의 별을 6",
        "preview_url": "https://p.scdn.co/mp3-preview/e3bdced561a7dd4e6e838837032440cfb5eeb58b?cid=91af32adc3954e49ab13b2cc3858d86b",
        "is_selected": false,
        "image": "post_track_images/6isX2BDnVr5ET4ojPRPkRs.jpg"
    }
},
{
    "model": "posts.posttrack",
    "pk": 21,
    "fields": {
        "post": 33,
        "user": 8,
        "title": "If you lovingly call my name",
        "artist": "GyeongseoYeji",
        "album": "If you lovingly call my name (GyeongseoYeji x Jeon Gunho)",
        "preview_url": "https://p.scdn.co/mp3-preview/74d3be17c8acce141c8687a5fa6717dac4f71bb1?cid=91af32adc3954e49ab13b2cc3858d86b",
        "is_selected": false,
        "image": "post_track_images/0tgxvf4rqBBeEB54h0nnRD.jpg"
    }
},
{
    "model": "posts.posttrack",
    "pk": 22,
    "fields": {
        "post": 34,
        "user": 8,
        "title": "Old Song",
        "artist": "Standing Egg",
        "album": "Old Song",
        "preview_url": "https://p.scdn.co/mp3-preview/7c588ffd9fbc5cd3c0fd558e5727892c9f79f740?cid=91af32adc3954e49ab13b2cc3858d86b",
        "is_selected": false,
        "image": "post_track_images/3q2987XcSbQpQIiLmD6z4T_DJUlPSW.jpg"
    }
},
{
    "model": "posts.posttrack",
    "pk": 23,
    "fields": {
        "post": 35,
        "user": 8,
        "title": "제주도의 푸른 밤",
        "artist": "음찾사밴드",
        "album": "감성 가득한 그 때 그 시절 추억의 8090 인기가요",
        "preview_url": "https://p.scdn.co/mp3-preview/0a098816a62af81a18419c226c1cff6ba5781452?cid=91af32adc3954e49ab13b2cc3858d86b",
        "is_selected": false,
        "image": "post_track_images/54TKD8RJcs8NnI6e49te6K.jpg"
    }
},
{
    "model": "posts.fortune",
    "pk": 1,
    "fields": {
        "user": 2,
        "message": "작은 말이라도, 칭찬해보세요. 칭찬은 고래도 춤추게 한다잖아요.",
        "date": "2023-06-15"
    }
},
{
    "model": "posts.fortune",
    "pk": 2,
    "fields": {
        "user": 3,
        "message": "오늘 행운의 색은 노란색 입니다. 밝고 발랄한 미소가 포인트예요.",
        "date": "2023-06-15"
    }
},
{
    "model": "posts.fortune",
    "pk": 3,
    "fields": {
        "user": 9,
        "message": "당신의 몫은 당신이 정합니다. 현재 가진 걸 바꾸고 싶다면 먼저 행동해야 합니다.",
        "date": "2023-06-16"
    }
},
{
    "model": "posts.fortune",
    "pk": 4,
    "fields": {
        "user": 10,
        "message": "오늘 행운의 색은 붉은색 입니다. 열정적인 모습을 보여주세요.",
        "date": "2023-06-16"
    }
},
{
    "model": "posts.fortune",
    "pk": 5,
    "fields": {
        "user": 5,
        "message": "오늘 행운의 색은 흰 색 입니다. 당신의 순수한 매력을 보여주세요.",
        "date": "2023-06-16"
    }
},
{
    "model": "my_messages.message",
    "pk": 1,
    "fields": {
        "sender": 2,
        "receiver": 1,
        "content": "hi",
        "timestamp": "2023-06-15T11:50:04.396Z",
        "is_read": true
    }
},
{
    "model": "my_messages.message",
    "pk": 2,
    "fields": {
        "sender": 2,
        "receiver": 3,
        "content": "hi",
        "timestamp": "2023-06-15T11:50:23.497Z",
        "is_read": true
    }
},
{
    "model": "my_messages.message",
    "pk": 3,
    "fields": {
        "sender": 1,
        "receiver": 2,
        "content": "음?",
        "timestamp": "2023-06-15T11:52:33.073Z",
        "is_read": true
    }
},
{
    "model": "my_messages.message",
    "pk": 4,
    "fields": {
        "sender": 2,
        "receiver": 1,
        "content": "왜죠?",
        "timestamp": "2023-06-15T12:00:43.864Z",
        "is_read": true
    }
},
{
    "model": "my_messages.message",
    "pk": 5,
    "fields": {
        "sender": 2,
        "receiver": 3,
        "content": "도넛 좋아",
        "timestamp": "2023-06-15T12:11:40.230Z",
        "is_read": true
    }
},
{
    "model": "my_messages.message",
    "pk": 6,
    "fields": {
        "sender": 2,
        "receiver": 3,
        "content": "hihi",
        "timestamp": "2023-06-15T12:12:02.904Z",
        "is_read": true
    }
},
{
    "model": "my_messages.message",
    "pk": 7,
    "fields": {
        "sender": 3,
        "receiver": 2,
        "content": "가나요?",
        "timestamp": "2023-06-15T12:12:14.455Z",
        "is_read": true
    }
},
{
    "model": "my_messages.message",
    "pk": 8,
    "fields": {
        "sender": 2,
        "receiver": 3,
        "content": "가는대용?",
        "timestamp": "2023-06-15T12:12:35.034Z",
        "is_read": true
    }
},
{
    "model": "my_messages.message",
    "pk": 9,
    "fields": {
        "sender": 1,
        "receiver": 2,
        "content": "움?",
        "timestamp": "2023-06-15T12:12:35.963Z",
        "is_read": true
    }
},
{
    "model": "my_messages.message",
    "pk": 10,
    "fields": {
        "sender": 2,
        "receiver": 1,
        "content": "떠든사람 장민지",
        "timestamp": "2023-06-15T12:20:49.910Z",
        "is_read": true
    }
},
{
    "model": "my_messages.message",
    "pk": 11,
    "fields": {
        "sender": 1,
        "receiver": 2,
        "content": "떠든 사람 드레곤진",
        "timestamp": "2023-06-15T12:27:43.863Z",
        "is_read": true
    }
},
{
    "model": "my_messages.message",
    "pk": 12,
    "fields": {
        "sender": 2,
        "receiver": 1,
        "content": "위즐 칙촉",
        "timestamp": "2023-06-15T12:30:06.199Z",
        "is_read": true
    }
},
{
    "model": "my_messages.message",
    "pk": 13,
    "fields": {
        "sender": 1,
        "receiver": 2,
        "content": "맛있는데...베라도 맛있겠다",
        "timestamp": "2023-06-15T12:44:49.142Z",
        "is_read": true
    }
},
{
    "model": "my_messages.message",
    "pk": 14,
    "fields": {
        "sender": 2,
        "receiver": 1,
        "content": "베라 사주세요",
        "timestamp": "2023-06-15T14:20:51.472Z",
        "is_read": false
    }
},
{
    "model": "paints.paint",
    "pk": 1,
    "fields": {
        "user": 3,
        "image": "paints/068fee2a-3bd5-4696-879e-f5206cca9a95.png",
        "created_at": "2023-06-15T12:28:00.232Z",
        "like_users": [
            1,
            2,
            4
        ]
    }
},
{
    "model": "paints.paint",
    "pk": 2,
    "fields": {
        "user": 1,
        "image": "paints/484bb2e0-7b87-43b3-9be1-2184f156276d.png",
        "created_at": "2023-06-15T12:30:40.583Z",
        "like_users": [
            2,
            3
        ]
    }
},
{
    "model": "paints.paint",
    "pk": 3,
    "fields": {
        "user": 2,
        "image": "paints/cef0770b-6772-4995-8554-5aa0b46b2d91.png",
        "created_at": "2023-06-15T12:31:35.752Z",
        "like_users": [
            1
        ]
    }
},
{
    "model": "paints.paint",
    "pk": 4,
    "fields": {
        "user": 4,
        "image": "paints/2f67947d-4b4f-42ab-abdc-d2fbbba509c6.png",
        "created_at": "2023-06-15T13:09:11.324Z",
        "like_users": [
            2
        ]
    }
},
{
    "model": "paints.paint",
    "pk": 5,
    "fields": {
        "user": 4,
        "image": "paints/d0a4a593-c112-48df-a416-8e340213ed8c.png",
        "created_at": "2023-06-15T13:10:18.263Z",
        "like_users": []
    }
},
{
    "model": "paints.paint",
    "pk": 6,
    "fields": {
        "user": 4,
        "image": "paints/101932ba-de0e-4948-9beb-42930d646634.png",
        "created_at": "2023-06-15T13:14:57.792Z",
        "like_users": [
            2
        ]
    }
},
{
    "model": "paints.paint",
    "pk": 7,
    "fields": {
        "user": 4,
        "image": "paints/91525371-c782-471e-8d93-061d7e87d266.png",
        "created_at": "2023-06-15T13:16:09.490Z",
        "like_users": []
    }
},
{
    "model": "paints.paint",
    "pk": 8,
    "fields": {
        "user": 3,
        "image": "paints/6bef5e2e-65de-43dc-bc09-f66381d7f8ee.png",
        "created_at": "2023-06-15T18:16:10.090Z",
        "like_users": []
    }
},
{
    "model": "paints.paint",
    "pk": 9,
    "fields": {
        "user": 5,
        "image": "paints/bc36238e-4c98-49de-83c4-460fa1efd729.png",
        "created_at": "2023-06-15T18:18:55.873Z",
        "like_users": []
    }
},
{
    "model": "paints.paint",
    "pk": 10,
    "fields": {
        "user": 4,
        "image": "paints/229c7863-0618-4f31-b80c-d473ca85fdf7.png",
        "created_at": "2023-06-15T18:39:10.891Z",
        "like_users": []
    }
},
{
    "model": "paints.paint",
    "pk": 11,
    "fields": {
        "user": 4,
        "image": "paints/5cf09536-cd06-47ea-a152-e336aa8fbc3d.png",
        "created_at": "2023-06-15T18:41:15.619Z",
        "like_users": []
    }
},
{
    "model": "paints.paint",
    "pk": 12,
    "fields": {
        "user": 4,
        "image": "paints/5782068f-e856-4da7-9022-0e7e4f79d3f5.png",
        "created_at": "2023-06-15T18:43:29.608Z",
        "like_users": []
    }
},
{
    "model": "paints.paint",
    "pk": 13,
    "fields": {
        "user": 4,
        "image": "paints/756cbcfa-829e-4281-a4de-0e40c0ed62bc.png",
        "created_at": "2023-06-15T18:46:13.237Z",
        "like_users": []
    }
},
{
    "model": "paints.paint",
    "pk": 14,
    "fields": {
        "user": 4,
        "image": "paints/444c4394-515a-4f1f-9f41-ac8290de162f.png",
        "created_at": "2023-06-15T18:49:19.994Z",
        "like_users": []
    }
},
{
    "model": "paints.paint",
    "pk": 15,
    "fields": {
        "user": 4,
        "image": "paints/a2424be3-c043-4e78-9f86-d5e6bb9ea43b.png",
        "created_at": "2023-06-15T18:56:22.364Z",
        "like_users": []
    }
},
{
    "model": "chat.message",
    "pk": 1,
    "fields": {
        "user": 2,
        "content": "안녕하세요",
        "timestamp": "2023-06-15T12:22:07.711Z",
        "room": "사막에빠진딸기",
        "is_owner": true
    }
},
{
    "model": "chat.message",
    "pk": 2,
    "fields": {
        "user": 3,
        "content": "안녕하세요",
        "timestamp": "2023-06-15T12:23:37.724Z",
        "room": "사막에빠진딸기",
        "is_owner": false
    }
},
{
    "model": "chat.message",
    "pk": 3,
    "fields": {
        "user": 3,
        "content": "ㅎㅎㅎ",
        "timestamp": "2023-06-15T12:23:39.785Z",
        "room": "사막에빠진딸기",
        "is_owner": false
    }
},
{
    "model": "chat.message",
    "pk": 4,
    "fields": {
        "user": 2,
        "content": "위즐 칙촉",
        "timestamp": "2023-06-15T12:24:20.508Z",
        "room": "사막에빠진딸기",
        "is_owner": true
    }
},
{
    "model": "chat.message",
    "pk": 5,
    "fields": {
        "user": 1,
        "content": "하하",
        "timestamp": "2023-06-15T12:34:03.602Z",
        "room": "사막에빠진딸기",
        "is_owner": false
    }
},
{
    "model": "chat.message",
    "pk": 6,
    "fields": {
        "user": 3,
        "content": "전송이 안되나요",
        "timestamp": "2023-06-15T12:34:47.405Z",
        "room": "사막에빠진딸기",
        "is_owner": false
    }
},
{
    "model": "chat.message",
    "pk": 7,
    "fields": {
        "user": 1,
        "content": "음!",
        "timestamp": "2023-06-15T12:34:59.584Z",
        "room": "사랑에빠진딸기",
        "is_owner": true
    }
},
{
    "model": "chat.message",
    "pk": 8,
    "fields": {
        "user": 3,
        "content": "하하",
        "timestamp": "2023-06-15T12:35:00.484Z",
        "room": "사막에빠진딸기",
        "is_owner": false
    }
},
{
    "model": "chat.message",
    "pk": 9,
    "fields": {
        "user": 3,
        "content": "어?",
        "timestamp": "2023-06-15T12:35:03.815Z",
        "room": "사막에빠진딸기",
        "is_owner": false
    }
},
{
    "model": "chat.message",
    "pk": 10,
    "fields": {
        "user": 1,
        "content": "...?",
        "timestamp": "2023-06-15T12:35:04.811Z",
        "room": "사랑에빠진딸기",
        "is_owner": true
    }
},
{
    "model": "chat.message",
    "pk": 11,
    "fields": {
        "user": 3,
        "content": "이미지가..?",
        "timestamp": "2023-06-15T12:35:08.633Z",
        "room": "사막에빠진딸기",
        "is_owner": false
    }
},
{
    "model": "chat.message",
    "pk": 12,
    "fields": {
        "user": 3,
        "content": "뭐죠..",
        "timestamp": "2023-06-15T12:35:17.915Z",
        "room": "사막에빠진딸기",
        "is_owner": false
    }
},
{
    "model": "chat.message",
    "pk": 13,
    "fields": {
        "user": 1,
        "content": "엥",
        "timestamp": "2023-06-15T12:35:21.492Z",
        "room": "사랑에빠진딸기",
        "is_owner": true
    }
},
{
    "model": "chat.message",
    "pk": 14,
    "fields": {
        "user": 1,
        "content": "전 정환님이요",
        "timestamp": "2023-06-15T12:35:25.345Z",
        "room": "사랑에빠진딸기",
        "is_owner": true
    }
},
{
    "model": "chat.message",
    "pk": 15,
    "fields": {
        "user": 3,
        "content": "뭘까요",
        "timestamp": "2023-06-15T12:35:37.324Z",
        "room": "사막에빠진딸기",
        "is_owner": false
    }
},
{
    "model": "chat.message",
    "pk": 16,
    "fields": {
        "user": 2,
        "content": "??",
        "timestamp": "2023-06-15T12:35:40.049Z",
        "room": "사랑에빠진딸기",
        "is_owner": false
    }
},
{
    "model": "chat.message",
    "pk": 17,
    "fields": {
        "user": 1,
        "content": "그러게요",
        "timestamp": "2023-06-15T12:35:43.423Z",
        "room": "사랑에빠진딸기",
        "is_owner": true
    }
},
{
    "model": "chat.message",
    "pk": 18,
    "fields": {
        "user": 1,
        "content": "음?",
        "timestamp": "2023-06-15T12:36:00.812Z",
        "room": "사막에빠진딸기",
        "is_owner": false
    }
},
{
    "model": "chat.message",
    "pk": 19,
    "fields": {
        "user": 1,
        "content": "이건요",
        "timestamp": "2023-06-15T12:36:04.369Z",
        "room": "사막에빠진딸기",
        "is_owner": false
    }
},
{
    "model": "chat.message",
    "pk": 20,
    "fields": {
        "user": 3,
        "content": "?",
        "timestamp": "2023-06-15T12:36:05.303Z",
        "room": "사막에빠진딸기",
        "is_owner": false
    }
},
{
    "model": "chat.message",
    "pk": 21,
    "fields": {
        "user": 3,
        "content": "어?",
        "timestamp": "2023-06-15T12:36:20.041Z",
        "room": "사랑에빠진딸기",
        "is_owner": false
    }
},
{
    "model": "chat.message",
    "pk": 22,
    "fields": {
        "user": 3,
        "content": "아",
        "timestamp": "2023-06-15T12:36:21.382Z",
        "room": "사랑에빠진딸기",
        "is_owner": false
    }
},
{
    "model": "chat.message",
    "pk": 23,
    "fields": {
        "user": 3,
        "content": "왜인지...",
        "timestamp": "2023-06-15T12:36:25.292Z",
        "room": "사랑에빠진딸기",
        "is_owner": false
    }
},
{
    "model": "chat.message",
    "pk": 24,
    "fields": {
        "user": 3,
        "content": "알것도 같네요..",
        "timestamp": "2023-06-15T12:36:28.099Z",
        "room": "사랑에빠진딸기",
        "is_owner": false
    }
},
{
    "model": "chat.message",
    "pk": 25,
    "fields": {
        "user": 3,
        "content": "ㅇㅇㅇㅇ",
        "timestamp": "2023-06-15T12:59:32.211Z",
        "room": "사랑에빠진딸기",
        "is_owner": false
    }
},
{
    "model": "chat.message",
    "pk": 26,
    "fields": {
        "user": 3,
        "content": "ㅇㅇㅇㅇㅇ",
        "timestamp": "2023-06-15T12:59:35.209Z",
        "room": "사랑에빠진딸기",
        "is_owner": false
    }
},
{
    "model": "chat.message",
    "pk": 27,
    "fields": {
        "user": 3,
        "content": "ㅇㅇㅇㅇ",
        "timestamp": "2023-06-15T12:59:37.554Z",
        "room": "사랑에빠진딸기",
        "is_owner": false
    }
},
{
    "model": "chat.message",
    "pk": 29,
    "fields": {
        "user": 3,
        "content": "ㅇㅇㅇㅇ",
        "timestamp": "2023-06-15T13:00:18.393Z",
        "room": "사막에빠진딸기",
        "is_owner": false
    }
},
{
    "model": "chat.message",
    "pk": 47,
    "fields": {
        "user": 3,
        "content": "ㅎㅎㅎㅎ",
        "timestamp": "2023-06-15T18:18:05.205Z",
        "room": "사랑에빠진딸기",
        "is_owner": false
    }
},
{
    "model": "chat.message",
    "pk": 48,
    "fields": {
        "user": 3,
        "content": "ㅎㅎㅎ",
        "timestamp": "2023-06-15T18:18:11.173Z",
        "room": "사막에빠진딸기",
        "is_owner": false
    }
},
{
    "model": "chat.message",
    "pk": 49,
    "fields": {
        "user": 5,
        "content": "gdgd",
        "timestamp": "2023-06-15T18:20:12.855Z",
        "room": "사랑에빠진딸기",
        "is_owner": false
    }
},
{
    "model": "chat.message",
    "pk": 50,
    "fields": {
        "user": 5,
        "content": "ddddd",
        "timestamp": "2023-06-15T18:20:14.887Z",
        "room": "사랑에빠진딸기",
        "is_owner": false
    }
},
{
    "model": "chat.message",
    "pk": 51,
    "fields": {
        "user": 5,
        "content": "asdfsafa",
        "timestamp": "2023-06-15T18:20:21.802Z",
        "room": "사막에빠진딸기",
        "is_owner": false
    }
},
{
    "model": "chat.message",
    "pk": 52,
    "fields": {
        "user": 5,
        "content": "asdfsdafasdf",
        "timestamp": "2023-06-15T18:20:23.011Z",
        "room": "사막에빠진딸기",
        "is_owner": false
    }
},
{
    "model": "taggit.tag",
    "pk": 1,
    "fields": {
        "name": "안녕",
        "slug": "안녕"
    }
},
{
    "model": "taggit.tag",
    "pk": 2,
    "fields": {
        "name": "하세요",
        "slug": "하세요"
    }
},
{
    "model": "taggit.tag",
    "pk": 3,
    "fields": {
        "name": "",
        "slug": ""
    }
},
{
    "model": "taggit.tag",
    "pk": 4,
    "fields": {
        "name": "카페",
        "slug": "카페"
    }
},
{
    "model": "taggit.tag",
    "pk": 5,
    "fields": {
        "name": "맛집",
        "slug": "맛집"
    }
},
{
    "model": "taggit.tag",
    "pk": 6,
    "fields": {
        "name": "음식",
        "slug": "음식"
    }
},
{
    "model": "taggit.tag",
    "pk": 7,
    "fields": {
        "name": "패스트푸드",
        "slug": "패스트푸드"
    }
},
{
    "model": "taggit.tag",
    "pk": 8,
    "fields": {
        "name": "햄버거",
        "slug": "햄버거"
    }
},
{
    "model": "taggit.tag",
    "pk": 9,
    "fields": {
        "name": "부천",
        "slug": "부천"
    }
},
{
    "model": "taggit.tag",
    "pk": 10,
    "fields": {
        "name": "돼슐랭",
        "slug": "돼슐랭"
    }
},
{
    "model": "taggit.tag",
    "pk": 11,
    "fields": {
        "name": "산책",
        "slug": "산책"
    }
},
{
    "model": "taggit.tag",
    "pk": 12,
    "fields": {
        "name": "걷기",
        "slug": "걷기"
    }
},
{
    "model": "taggit.tag",
    "pk": 13,
    "fields": {
        "name": "운동",
        "slug": "운동"
    }
},
{
    "model": "taggit.tag",
    "pk": 14,
    "fields": {
        "name": "취미",
        "slug": "취미"
    }
},
{
    "model": "taggit.tag",
    "pk": 15,
    "fields": {
        "name": "꽃",
        "slug": "꽃"
    }
},
{
    "model": "taggit.tag",
    "pk": 16,
    "fields": {
        "name": "선물",
        "slug": "선물"
    }
},
{
    "model": "taggit.tag",
    "pk": 17,
    "fields": {
        "name": "일상",
        "slug": "일상"
    }
},
{
    "model": "taggit.tag",
    "pk": 18,
    "fields": {
        "name": "감성",
        "slug": "감성"
    }
},
{
    "model": "taggit.tag",
    "pk": 19,
    "fields": {
        "name": "제주도",
        "slug": "제주도"
    }
},
{
    "model": "taggit.tag",
    "pk": 20,
    "fields": {
        "name": "바다",
        "slug": "바다"
    }
},
{
    "model": "taggit.tag",
    "pk": 21,
    "fields": {
        "name": "노을",
        "slug": "노을"
    }
},
{
    "model": "taggit.tag",
    "pk": 22,
    "fields": {
        "name": "구름",
        "slug": "구름"
    }
},
{
    "model": "taggit.tag",
    "pk": 23,
    "fields": {
        "name": "하늘",
        "slug": "하늘"
    }
},
{
    "model": "taggit.tag",
    "pk": 24,
    "fields": {
        "name": "힐링",
        "slug": "힐링"
    }
},
{
    "model": "taggit.tag",
    "pk": 25,
    "fields": {
        "name": "휴식",
        "slug": "휴식"
    }
},
{
    "model": "taggit.tag",
    "pk": 26,
    "fields": {
        "name": "권진아",
        "slug": "권진아"
    }
},
{
    "model": "taggit.tag",
    "pk": 27,
    "fields": {
        "name": "단독 공연",
        "slug": "단독-공연"
    }
},
{
    "model": "taggit.tag",
    "pk": 28,
    "fields": {
        "name": "운이좋았지",
        "slug": "운이좋았지"
    }
},
{
    "model": "taggit.tag",
    "pk": 29,
    "fields": {
        "name": "진심이었던 사람만 바보가 돼",
        "slug": "진심이었던-사람만-바보가-돼"
    }
},
{
    "model": "taggit.tag",
    "pk": 30,
    "fields": {
        "name": "수원",
        "slug": "수원"
    }
},
{
    "model": "taggit.tag",
    "pk": 31,
    "fields": {
        "name": "브런치",
        "slug": "브런치"
    }
},
{
    "model": "taggit.tag",
    "pk": 32,
    "fields": {
        "name": "생각이 많은 날",
        "slug": "생각이-많은-날"
    }
},
{
    "model": "taggit.tag",
    "pk": 33,
    "fields": {
        "name": "답답함",
        "slug": "답답함"
    }
},
{
    "model": "taggit.tag",
    "pk": 34,
    "fields": {
        "name": "꽃밭",
        "slug": "꽃밭"
    }
},
{
    "model": "taggit.tag",
    "pk": 35,
    "fields": {
        "name": "대전카페",
        "slug": "대전카페"
    }
},
{
    "model": "taggit.tag",
    "pk": 36,
    "fields": {
        "name": "갬성",
        "slug": "갬성"
    }
},
{
    "model": "taggit.tag",
    "pk": 37,
    "fields": {
        "name": "불멍",
        "slug": "불멍"
    }
},
{
    "model": "taggit.tag",
    "pk": 38,
    "fields": {
        "name": "오름",
        "slug": "오름"
    }
},
{
    "model": "taggit.tag",
    "pk": 39,
    "fields": {
        "name": "아부오름",
        "slug": "아부오름"
    }
},
{
    "model": "taggit.tag",
    "pk": 40,
    "fields": {
        "name": "공부",
        "slug": "공부"
    }
},
{
    "model": "taggit.tag",
    "pk": 41,
    "fields": {
        "name": "스터디카페",
        "slug": "스터디카페"
    }
},
{
    "model": "taggit.tag",
    "pk": 42,
    "fields": {
        "name": "하기싫어",
        "slug": "하기싫어"
    }
},
{
    "model": "taggit.tag",
    "pk": 43,
    "fields": {
        "name": "뿌링클",
        "slug": "뿌링클"
    }
},
{
    "model": "taggit.tag",
    "pk": 44,
    "fields": {
        "name": "엽떡",
        "slug": "엽떡"
    }
},
{
    "model": "taggit.tag",
    "pk": 45,
    "fields": {
        "name": "다이어트는 내일부터",
        "slug": "다이어트는-내일부터"
    }
},
{
    "model": "taggit.tag",
    "pk": 46,
    "fields": {
        "name": "첫사랑",
        "slug": "첫사랑"
    }
},
{
    "model": "taggit.tag",
    "pk": 47,
    "fields": {
        "name": "우울",
        "slug": "우울"
    }
},
{
    "model": "taggit.tag",
    "pk": 48,
    "fields": {
        "name": "슬퍼요",
        "slug": "슬퍼요"
    }
},
{
    "model": "taggit.tag",
    "pk": 49,
    "fields": {
        "name": "사랑",
        "slug": "사랑"
    }
},
{
    "model": "taggit.tag",
    "pk": 50,
    "fields": {
        "name": "고민상담",
        "slug": "고민상담"
    }
},
{
    "model": "taggit.tag",
    "pk": 51,
    "fields": {
        "name": "졸릴때",
        "slug": "졸릴때"
    }
},
{
    "model": "taggit.tag",
    "pk": 52,
    "fields": {
        "name": "노래",
        "slug": "노래"
    }
},
{
    "model": "taggit.tag",
    "pk": 53,
    "fields": {
        "name": "좋아",
        "slug": "좋아"
    }
},
{
    "model": "taggit.tag",
    "pk": 54,
    "fields": {
        "name": "나만?",
        "slug": "나만"
    }
},
{
    "model": "taggit.tag",
    "pk": 55,
    "fields": {
        "name": "위즐",
        "slug": "위즐"
    }
},
{
    "model": "taggit.tag",
    "pk": 56,
    "fields": {
        "name": "대게",
        "slug": "대게"
    }
},
{
    "model": "taggit.tag",
    "pk": 57,
    "fields": {
        "name": "무무이",
        "slug": "무무이"
    }
},
{
    "model": "taggit.tag",
    "pk": 58,
    "fields": {
        "name": "마카롱",
        "slug": "마카롱"
    }
},
{
    "model": "taggit.tag",
    "pk": 59,
    "fields": {
        "name": "자전거",
        "slug": "자전거"
    }
},
{
    "model": "taggit.taggeditem",
    "pk": 8,
    "fields": {
        "tag": 4,
        "content_type": 6,
        "object_id": 4
    }
},
{
    "model": "taggit.taggeditem",
    "pk": 9,
    "fields": {
        "tag": 5,
        "content_type": 6,
        "object_id": 4
    }
},
{
    "model": "taggit.taggeditem",
    "pk": 10,
    "fields": {
        "tag": 6,
        "content_type": 6,
        "object_id": 4
    }
},
{
    "model": "taggit.taggeditem",
    "pk": 11,
    "fields": {
        "tag": 6,
        "content_type": 6,
        "object_id": 6
    }
},
{
    "model": "taggit.taggeditem",
    "pk": 12,
    "fields": {
        "tag": 7,
        "content_type": 6,
        "object_id": 6
    }
},
{
    "model": "taggit.taggeditem",
    "pk": 13,
    "fields": {
        "tag": 8,
        "content_type": 6,
        "object_id": 6
    }
},
{
    "model": "taggit.taggeditem",
    "pk": 15,
    "fields": {
        "tag": 9,
        "content_type": 6,
        "object_id": 7
    }
},
{
    "model": "taggit.taggeditem",
    "pk": 16,
    "fields": {
        "tag": 5,
        "content_type": 6,
        "object_id": 7
    }
},
{
    "model": "taggit.taggeditem",
    "pk": 17,
    "fields": {
        "tag": 10,
        "content_type": 6,
        "object_id": 7
    }
},
{
    "model": "taggit.taggeditem",
    "pk": 19,
    "fields": {
        "tag": 11,
        "content_type": 6,
        "object_id": 8
    }
},
{
    "model": "taggit.taggeditem",
    "pk": 20,
    "fields": {
        "tag": 12,
        "content_type": 6,
        "object_id": 8
    }
},
{
    "model": "taggit.taggeditem",
    "pk": 21,
    "fields": {
        "tag": 13,
        "content_type": 6,
        "object_id": 8
    }
},
{
    "model": "taggit.taggeditem",
    "pk": 22,
    "fields": {
        "tag": 14,
        "content_type": 6,
        "object_id": 8
    }
},
{
    "model": "taggit.taggeditem",
    "pk": 23,
    "fields": {
        "tag": 15,
        "content_type": 6,
        "object_id": 9
    }
},
{
    "model": "taggit.taggeditem",
    "pk": 24,
    "fields": {
        "tag": 16,
        "content_type": 6,
        "object_id": 9
    }
},
{
    "model": "taggit.taggeditem",
    "pk": 25,
    "fields": {
        "tag": 17,
        "content_type": 6,
        "object_id": 9
    }
},
{
    "model": "taggit.taggeditem",
    "pk": 26,
    "fields": {
        "tag": 18,
        "content_type": 6,
        "object_id": 9
    }
},
{
    "model": "taggit.taggeditem",
    "pk": 27,
    "fields": {
        "tag": 4,
        "content_type": 6,
        "object_id": 10
    }
},
{
    "model": "taggit.taggeditem",
    "pk": 28,
    "fields": {
        "tag": 18,
        "content_type": 6,
        "object_id": 10
    }
},
{
    "model": "taggit.taggeditem",
    "pk": 31,
    "fields": {
        "tag": 19,
        "content_type": 6,
        "object_id": 12
    }
},
{
    "model": "taggit.taggeditem",
    "pk": 32,
    "fields": {
        "tag": 20,
        "content_type": 6,
        "object_id": 12
    }
},
{
    "model": "taggit.taggeditem",
    "pk": 33,
    "fields": {
        "tag": 21,
        "content_type": 6,
        "object_id": 12
    }
},
{
    "model": "taggit.taggeditem",
    "pk": 34,
    "fields": {
        "tag": 22,
        "content_type": 6,
        "object_id": 12
    }
},
{
    "model": "taggit.taggeditem",
    "pk": 35,
    "fields": {
        "tag": 23,
        "content_type": 6,
        "object_id": 12
    }
},
{
    "model": "taggit.taggeditem",
    "pk": 36,
    "fields": {
        "tag": 20,
        "content_type": 6,
        "object_id": 13
    }
},
{
    "model": "taggit.taggeditem",
    "pk": 37,
    "fields": {
        "tag": 24,
        "content_type": 6,
        "object_id": 13
    }
},
{
    "model": "taggit.taggeditem",
    "pk": 38,
    "fields": {
        "tag": 25,
        "content_type": 6,
        "object_id": 13
    }
},
{
    "model": "taggit.taggeditem",
    "pk": 43,
    "fields": {
        "tag": 26,
        "content_type": 6,
        "object_id": 14
    }
},
{
    "model": "taggit.taggeditem",
    "pk": 44,
    "fields": {
        "tag": 27,
        "content_type": 6,
        "object_id": 14
    }
},
{
    "model": "taggit.taggeditem",
    "pk": 45,
    "fields": {
        "tag": 28,
        "content_type": 6,
        "object_id": 14
    }
},
{
    "model": "taggit.taggeditem",
    "pk": 46,
    "fields": {
        "tag": 29,
        "content_type": 6,
        "object_id": 14
    }
},
{
    "model": "taggit.taggeditem",
    "pk": 48,
    "fields": {
        "tag": 30,
        "content_type": 6,
        "object_id": 19
    }
},
{
    "model": "taggit.taggeditem",
    "pk": 49,
    "fields": {
        "tag": 5,
        "content_type": 6,
        "object_id": 19
    }
},
{
    "model": "taggit.taggeditem",
    "pk": 50,
    "fields": {
        "tag": 31,
        "content_type": 6,
        "object_id": 19
    }
},
{
    "model": "taggit.taggeditem",
    "pk": 51,
    "fields": {
        "tag": 32,
        "content_type": 6,
        "object_id": 15
    }
},
{
    "model": "taggit.taggeditem",
    "pk": 52,
    "fields": {
        "tag": 33,
        "content_type": 6,
        "object_id": 15
    }
},
{
    "model": "taggit.taggeditem",
    "pk": 53,
    "fields": {
        "tag": 34,
        "content_type": 6,
        "object_id": 17
    }
},
{
    "model": "taggit.taggeditem",
    "pk": 54,
    "fields": {
        "tag": 35,
        "content_type": 6,
        "object_id": 17
    }
},
{
    "model": "taggit.taggeditem",
    "pk": 55,
    "fields": {
        "tag": 5,
        "content_type": 6,
        "object_id": 17
    }
},
{
    "model": "taggit.taggeditem",
    "pk": 56,
    "fields": {
        "tag": 36,
        "content_type": 6,
        "object_id": 17
    }
},
{
    "model": "taggit.taggeditem",
    "pk": 57,
    "fields": {
        "tag": 4,
        "content_type": 6,
        "object_id": 17
    }
},
{
    "model": "taggit.taggeditem",
    "pk": 59,
    "fields": {
        "tag": 37,
        "content_type": 6,
        "object_id": 20
    }
},
{
    "model": "taggit.taggeditem",
    "pk": 60,
    "fields": {
        "tag": 24,
        "content_type": 6,
        "object_id": 20
    }
},
{
    "model": "taggit.taggeditem",
    "pk": 61,
    "fields": {
        "tag": 19,
        "content_type": 6,
        "object_id": 21
    }
},
{
    "model": "taggit.taggeditem",
    "pk": 62,
    "fields": {
        "tag": 38,
        "content_type": 6,
        "object_id": 21
    }
},
{
    "model": "taggit.taggeditem",
    "pk": 63,
    "fields": {
        "tag": 39,
        "content_type": 6,
        "object_id": 21
    }
},
{
    "model": "taggit.taggeditem",
    "pk": 64,
    "fields": {
        "tag": 3,
        "content_type": 6,
        "object_id": 22
    }
},
{
    "model": "taggit.taggeditem",
    "pk": 65,
    "fields": {
        "tag": 40,
        "content_type": 6,
        "object_id": 23
    }
},
{
    "model": "taggit.taggeditem",
    "pk": 66,
    "fields": {
        "tag": 41,
        "content_type": 6,
        "object_id": 23
    }
},
{
    "model": "taggit.taggeditem",
    "pk": 67,
    "fields": {
        "tag": 42,
        "content_type": 6,
        "object_id": 23
    }
},
{
    "model": "taggit.taggeditem",
    "pk": 68,
    "fields": {
        "tag": 43,
        "content_type": 6,
        "object_id": 24
    }
},
{
    "model": "taggit.taggeditem",
    "pk": 69,
    "fields": {
        "tag": 44,
        "content_type": 6,
        "object_id": 24
    }
},
{
    "model": "taggit.taggeditem",
    "pk": 70,
    "fields": {
        "tag": 45,
        "content_type": 6,
        "object_id": 24
    }
},
{
    "model": "taggit.taggeditem",
    "pk": 71,
    "fields": {
        "tag": 46,
        "content_type": 6,
        "object_id": 25
    }
},
{
    "model": "taggit.taggeditem",
    "pk": 72,
    "fields": {
        "tag": 47,
        "content_type": 6,
        "object_id": 26
    }
},
{
    "model": "taggit.taggeditem",
    "pk": 73,
    "fields": {
        "tag": 48,
        "content_type": 6,
        "object_id": 26
    }
},
{
    "model": "taggit.taggeditem",
    "pk": 74,
    "fields": {
        "tag": 49,
        "content_type": 6,
        "object_id": 27
    }
},
{
    "model": "taggit.taggeditem",
    "pk": 75,
    "fields": {
        "tag": 50,
        "content_type": 6,
        "object_id": 27
    }
},
{
    "model": "taggit.taggeditem",
    "pk": 76,
    "fields": {
        "tag": 51,
        "content_type": 6,
        "object_id": 28
    }
},
{
    "model": "taggit.taggeditem",
    "pk": 78,
    "fields": {
        "tag": 52,
        "content_type": 6,
        "object_id": 30
    }
},
{
    "model": "taggit.taggeditem",
    "pk": 79,
    "fields": {
        "tag": 53,
        "content_type": 6,
        "object_id": 30
    }
},
{
    "model": "taggit.taggeditem",
    "pk": 80,
    "fields": {
        "tag": 54,
        "content_type": 6,
        "object_id": 30
    }
},
{
    "model": "taggit.taggeditem",
    "pk": 82,
    "fields": {
        "tag": 55,
        "content_type": 6,
        "object_id": 32
    }
},
{
    "model": "taggit.taggeditem",
    "pk": 83,
    "fields": {
        "tag": 56,
        "content_type": 6,
        "object_id": 33
    }
},
{
    "model": "taggit.taggeditem",
    "pk": 85,
    "fields": {
        "tag": 57,
        "content_type": 6,
        "object_id": 34
    }
},
{
    "model": "taggit.taggeditem",
    "pk": 86,
    "fields": {
        "tag": 58,
        "content_type": 6,
        "object_id": 34
    }
},
{
    "model": "taggit.taggeditem",
    "pk": 87,
    "fields": {
        "tag": 59,
        "content_type": 6,
        "object_id": 35
    }
},
{
    "model": "auth.permission",
    "pk": 1,
    "fields": {
        "name": "Can add user",
        "content_type": 1,
        "codename": "add_user"
    }
},
{
    "model": "auth.permission",
    "pk": 2,
    "fields": {
        "name": "Can change user",
        "content_type": 1,
        "codename": "change_user"
    }
},
{
    "model": "auth.permission",
    "pk": 3,
    "fields": {
        "name": "Can delete user",
        "content_type": 1,
        "codename": "delete_user"
    }
},
{
    "model": "auth.permission",
    "pk": 4,
    "fields": {
        "name": "Can view user",
        "content_type": 1,
        "codename": "view_user"
    }
},
{
    "model": "auth.permission",
    "pk": 5,
    "fields": {
        "name": "Can add track",
        "content_type": 2,
        "codename": "add_track"
    }
},
{
    "model": "auth.permission",
    "pk": 6,
    "fields": {
        "name": "Can change track",
        "content_type": 2,
        "codename": "change_track"
    }
},
{
    "model": "auth.permission",
    "pk": 7,
    "fields": {
        "name": "Can delete track",
        "content_type": 2,
        "codename": "delete_track"
    }
},
{
    "model": "auth.permission",
    "pk": 8,
    "fields": {
        "name": "Can view track",
        "content_type": 2,
        "codename": "view_track"
    }
},
{
    "model": "auth.permission",
    "pk": 9,
    "fields": {
        "name": "Can add question",
        "content_type": 3,
        "codename": "add_question"
    }
},
{
    "model": "auth.permission",
    "pk": 10,
    "fields": {
        "name": "Can change question",
        "content_type": 3,
        "codename": "change_question"
    }
},
{
    "model": "auth.permission",
    "pk": 11,
    "fields": {
        "name": "Can delete question",
        "content_type": 3,
        "codename": "delete_question"
    }
},
{
    "model": "auth.permission",
    "pk": 12,
    "fields": {
        "name": "Can view question",
        "content_type": 3,
        "codename": "view_question"
    }
},
{
    "model": "auth.permission",
    "pk": 13,
    "fields": {
        "name": "Can add result",
        "content_type": 4,
        "codename": "add_result"
    }
},
{
    "model": "auth.permission",
    "pk": 14,
    "fields": {
        "name": "Can change result",
        "content_type": 4,
        "codename": "change_result"
    }
},
{
    "model": "auth.permission",
    "pk": 15,
    "fields": {
        "name": "Can delete result",
        "content_type": 4,
        "codename": "delete_result"
    }
},
{
    "model": "auth.permission",
    "pk": 16,
    "fields": {
        "name": "Can view result",
        "content_type": 4,
        "codename": "view_result"
    }
},
{
    "model": "auth.permission",
    "pk": 17,
    "fields": {
        "name": "Can add comment",
        "content_type": 5,
        "codename": "add_comment"
    }
},
{
    "model": "auth.permission",
    "pk": 18,
    "fields": {
        "name": "Can change comment",
        "content_type": 5,
        "codename": "change_comment"
    }
},
{
    "model": "auth.permission",
    "pk": 19,
    "fields": {
        "name": "Can delete comment",
        "content_type": 5,
        "codename": "delete_comment"
    }
},
{
    "model": "auth.permission",
    "pk": 20,
    "fields": {
        "name": "Can view comment",
        "content_type": 5,
        "codename": "view_comment"
    }
},
{
    "model": "auth.permission",
    "pk": 21,
    "fields": {
        "name": "Can add post",
        "content_type": 6,
        "codename": "add_post"
    }
},
{
    "model": "auth.permission",
    "pk": 22,
    "fields": {
        "name": "Can change post",
        "content_type": 6,
        "codename": "change_post"
    }
},
{
    "model": "auth.permission",
    "pk": 23,
    "fields": {
        "name": "Can delete post",
        "content_type": 6,
        "codename": "delete_post"
    }
},
{
    "model": "auth.permission",
    "pk": 24,
    "fields": {
        "name": "Can view post",
        "content_type": 6,
        "codename": "view_post"
    }
},
{
    "model": "auth.permission",
    "pk": 25,
    "fields": {
        "name": "Can add post track",
        "content_type": 7,
        "codename": "add_posttrack"
    }
},
{
    "model": "auth.permission",
    "pk": 26,
    "fields": {
        "name": "Can change post track",
        "content_type": 7,
        "codename": "change_posttrack"
    }
},
{
    "model": "auth.permission",
    "pk": 27,
    "fields": {
        "name": "Can delete post track",
        "content_type": 7,
        "codename": "delete_posttrack"
    }
},
{
    "model": "auth.permission",
    "pk": 28,
    "fields": {
        "name": "Can view post track",
        "content_type": 7,
        "codename": "view_posttrack"
    }
},
{
    "model": "auth.permission",
    "pk": 29,
    "fields": {
        "name": "Can add post report",
        "content_type": 8,
        "codename": "add_postreport"
    }
},
{
    "model": "auth.permission",
    "pk": 30,
    "fields": {
        "name": "Can change post report",
        "content_type": 8,
        "codename": "change_postreport"
    }
},
{
    "model": "auth.permission",
    "pk": 31,
    "fields": {
        "name": "Can delete post report",
        "content_type": 8,
        "codename": "delete_postreport"
    }
},
{
    "model": "auth.permission",
    "pk": 32,
    "fields": {
        "name": "Can view post report",
        "content_type": 8,
        "codename": "view_postreport"
    }
},
{
    "model": "auth.permission",
    "pk": 33,
    "fields": {
        "name": "Can add fortune",
        "content_type": 9,
        "codename": "add_fortune"
    }
},
{
    "model": "auth.permission",
    "pk": 34,
    "fields": {
        "name": "Can change fortune",
        "content_type": 9,
        "codename": "change_fortune"
    }
},
{
    "model": "auth.permission",
    "pk": 35,
    "fields": {
        "name": "Can delete fortune",
        "content_type": 9,
        "codename": "delete_fortune"
    }
},
{
    "model": "auth.permission",
    "pk": 36,
    "fields": {
        "name": "Can view fortune",
        "content_type": 9,
        "codename": "view_fortune"
    }
},
{
    "model": "auth.permission",
    "pk": 37,
    "fields": {
        "name": "Can add comment report",
        "content_type": 10,
        "codename": "add_commentreport"
    }
},
{
    "model": "auth.permission",
    "pk": 38,
    "fields": {
        "name": "Can change comment report",
        "content_type": 10,
        "codename": "change_commentreport"
    }
},
{
    "model": "auth.permission",
    "pk": 39,
    "fields": {
        "name": "Can delete comment report",
        "content_type": 10,
        "codename": "delete_commentreport"
    }
},
{
    "model": "auth.permission",
    "pk": 40,
    "fields": {
        "name": "Can view comment report",
        "content_type": 10,
        "codename": "view_commentreport"
    }
},
{
    "model": "auth.permission",
    "pk": 41,
    "fields": {
        "name": "Can add message",
        "content_type": 11,
        "codename": "add_message"
    }
},
{
    "model": "auth.permission",
    "pk": 42,
    "fields": {
        "name": "Can change message",
        "content_type": 11,
        "codename": "change_message"
    }
},
{
    "model": "auth.permission",
    "pk": 43,
    "fields": {
        "name": "Can delete message",
        "content_type": 11,
        "codename": "delete_message"
    }
},
{
    "model": "auth.permission",
    "pk": 44,
    "fields": {
        "name": "Can view message",
        "content_type": 11,
        "codename": "view_message"
    }
},
{
    "model": "auth.permission",
    "pk": 45,
    "fields": {
        "name": "Can add paint",
        "content_type": 12,
        "codename": "add_paint"
    }
},
{
    "model": "auth.permission",
    "pk": 46,
    "fields": {
        "name": "Can change paint",
        "content_type": 12,
        "codename": "change_paint"
    }
},
{
    "model": "auth.permission",
    "pk": 47,
    "fields": {
        "name": "Can delete paint",
        "content_type": 12,
        "codename": "delete_paint"
    }
},
{
    "model": "auth.permission",
    "pk": 48,
    "fields": {
        "name": "Can view paint",
        "content_type": 12,
        "codename": "view_paint"
    }
},
{
    "model": "auth.permission",
    "pk": 49,
    "fields": {
        "name": "Can add message",
        "content_type": 13,
        "codename": "add_message"
    }
},
{
    "model": "auth.permission",
    "pk": 50,
    "fields": {
        "name": "Can change message",
        "content_type": 13,
        "codename": "change_message"
    }
},
{
    "model": "auth.permission",
    "pk": 51,
    "fields": {
        "name": "Can delete message",
        "content_type": 13,
        "codename": "delete_message"
    }
},
{
    "model": "auth.permission",
    "pk": 52,
    "fields": {
        "name": "Can view message",
        "content_type": 13,
        "codename": "view_message"
    }
},
{
    "model": "auth.permission",
    "pk": 53,
    "fields": {
        "name": "Can add tag",
        "content_type": 14,
        "codename": "add_tag"
    }
},
{
    "model": "auth.permission",
    "pk": 54,
    "fields": {
        "name": "Can change tag",
        "content_type": 14,
        "codename": "change_tag"
    }
},
{
    "model": "auth.permission",
    "pk": 55,
    "fields": {
        "name": "Can delete tag",
        "content_type": 14,
        "codename": "delete_tag"
    }
},
{
    "model": "auth.permission",
    "pk": 56,
    "fields": {
        "name": "Can view tag",
        "content_type": 14,
        "codename": "view_tag"
    }
},
{
    "model": "auth.permission",
    "pk": 57,
    "fields": {
        "name": "Can add tagged item",
        "content_type": 15,
        "codename": "add_taggeditem"
    }
},
{
    "model": "auth.permission",
    "pk": 58,
    "fields": {
        "name": "Can change tagged item",
        "content_type": 15,
        "codename": "change_taggeditem"
    }
},
{
    "model": "auth.permission",
    "pk": 59,
    "fields": {
        "name": "Can delete tagged item",
        "content_type": 15,
        "codename": "delete_taggeditem"
    }
},
{
    "model": "auth.permission",
    "pk": 60,
    "fields": {
        "name": "Can view tagged item",
        "content_type": 15,
        "codename": "view_taggeditem"
    }
},
{
    "model": "auth.permission",
    "pk": 61,
    "fields": {
        "name": "Can add log entry",
        "content_type": 16,
        "codename": "add_logentry"
    }
},
{
    "model": "auth.permission",
    "pk": 62,
    "fields": {
        "name": "Can change log entry",
        "content_type": 16,
        "codename": "change_logentry"
    }
},
{
    "model": "auth.permission",
    "pk": 63,
    "fields": {
        "name": "Can delete log entry",
        "content_type": 16,
        "codename": "delete_logentry"
    }
},
{
    "model": "auth.permission",
    "pk": 64,
    "fields": {
        "name": "Can view log entry",
        "content_type": 16,
        "codename": "view_logentry"
    }
},
{
    "model": "auth.permission",
    "pk": 65,
    "fields": {
        "name": "Can add permission",
        "content_type": 17,
        "codename": "add_permission"
    }
},
{
    "model": "auth.permission",
    "pk": 66,
    "fields": {
        "name": "Can change permission",
        "content_type": 17,
        "codename": "change_permission"
    }
},
{
    "model": "auth.permission",
    "pk": 67,
    "fields": {
        "name": "Can delete permission",
        "content_type": 17,
        "codename": "delete_permission"
    }
},
{
    "model": "auth.permission",
    "pk": 68,
    "fields": {
        "name": "Can view permission",
        "content_type": 17,
        "codename": "view_permission"
    }
},
{
    "model": "auth.permission",
    "pk": 69,
    "fields": {
        "name": "Can add group",
        "content_type": 18,
        "codename": "add_group"
    }
},
{
    "model": "auth.permission",
    "pk": 70,
    "fields": {
        "name": "Can change group",
        "content_type": 18,
        "codename": "change_group"
    }
},
{
    "model": "auth.permission",
    "pk": 71,
    "fields": {
        "name": "Can delete group",
        "content_type": 18,
        "codename": "delete_group"
    }
},
{
    "model": "auth.permission",
    "pk": 72,
    "fields": {
        "name": "Can view group",
        "content_type": 18,
        "codename": "view_group"
    }
},
{
    "model": "auth.permission",
    "pk": 73,
    "fields": {
        "name": "Can add content type",
        "content_type": 19,
        "codename": "add_contenttype"
    }
},
{
    "model": "auth.permission",
    "pk": 74,
    "fields": {
        "name": "Can change content type",
        "content_type": 19,
        "codename": "change_contenttype"
    }
},
{
    "model": "auth.permission",
    "pk": 75,
    "fields": {
        "name": "Can delete content type",
        "content_type": 19,
        "codename": "delete_contenttype"
    }
},
{
    "model": "auth.permission",
    "pk": 76,
    "fields": {
        "name": "Can view content type",
        "content_type": 19,
        "codename": "view_contenttype"
    }
},
{
    "model": "auth.permission",
    "pk": 77,
    "fields": {
        "name": "Can add session",
        "content_type": 20,
        "codename": "add_session"
    }
},
{
    "model": "auth.permission",
    "pk": 78,
    "fields": {
        "name": "Can change session",
        "content_type": 20,
        "codename": "change_session"
    }
},
{
    "model": "auth.permission",
    "pk": 79,
    "fields": {
        "name": "Can delete session",
        "content_type": 20,
        "codename": "delete_session"
    }
},
{
    "model": "auth.permission",
    "pk": 80,
    "fields": {
        "name": "Can view session",
        "content_type": 20,
        "codename": "view_session"
    }
},
{
    "model": "contenttypes.contenttype",
    "pk": 1,
    "fields": {
        "app_label": "accounts",
        "model": "user"
    }
},
{
    "model": "contenttypes.contenttype",
    "pk": 2,
    "fields": {
        "app_label": "accounts",
        "model": "track"
    }
},
{
    "model": "contenttypes.contenttype",
    "pk": 3,
    "fields": {
        "app_label": "balances",
        "model": "question"
    }
},
{
    "model": "contenttypes.contenttype",
    "pk": 4,
    "fields": {
        "app_label": "balances",
        "model": "result"
    }
},
{
    "model": "contenttypes.contenttype",
    "pk": 5,
    "fields": {
        "app_label": "posts",
        "model": "comment"
    }
},
{
    "model": "contenttypes.contenttype",
    "pk": 6,
    "fields": {
        "app_label": "posts",
        "model": "post"
    }
},
{
    "model": "contenttypes.contenttype",
    "pk": 7,
    "fields": {
        "app_label": "posts",
        "model": "posttrack"
    }
},
{
    "model": "contenttypes.contenttype",
    "pk": 8,
    "fields": {
        "app_label": "posts",
        "model": "postreport"
    }
},
{
    "model": "contenttypes.contenttype",
    "pk": 9,
    "fields": {
        "app_label": "posts",
        "model": "fortune"
    }
},
{
    "model": "contenttypes.contenttype",
    "pk": 10,
    "fields": {
        "app_label": "posts",
        "model": "commentreport"
    }
},
{
    "model": "contenttypes.contenttype",
    "pk": 11,
    "fields": {
        "app_label": "my_messages",
        "model": "message"
    }
},
{
    "model": "contenttypes.contenttype",
    "pk": 12,
    "fields": {
        "app_label": "paints",
        "model": "paint"
    }
},
{
    "model": "contenttypes.contenttype",
    "pk": 13,
    "fields": {
        "app_label": "chat",
        "model": "message"
    }
},
{
    "model": "contenttypes.contenttype",
    "pk": 14,
    "fields": {
        "app_label": "taggit",
        "model": "tag"
    }
},
{
    "model": "contenttypes.contenttype",
    "pk": 15,
    "fields": {
        "app_label": "taggit",
        "model": "taggeditem"
    }
},
{
    "model": "contenttypes.contenttype",
    "pk": 16,
    "fields": {
        "app_label": "admin",
        "model": "logentry"
    }
},
{
    "model": "contenttypes.contenttype",
    "pk": 17,
    "fields": {
        "app_label": "auth",
        "model": "permission"
    }
},
{
    "model": "contenttypes.contenttype",
    "pk": 18,
    "fields": {
        "app_label": "auth",
        "model": "group"
    }
},
{
    "model": "contenttypes.contenttype",
    "pk": 19,
    "fields": {
        "app_label": "contenttypes",
        "model": "contenttype"
    }
},
{
    "model": "contenttypes.contenttype",
    "pk": 20,
    "fields": {
        "app_label": "sessions",
        "model": "session"
    }
},
{
    "model": "sessions.session",
    "pk": "124n7uo4xq4rznm0j8fa1cupv1f452bt",
    "fields": {
        "session_data": ".eJxVjDsOwjAQBe_iGlne-BtKes5g7XptEkC2FCcV4u4QKQW0b2beS0Tc1iluPS9xZnEWoMTpdyRMj1x3wnestyZTq-syk9wVedAur43z83K4fwcT9ulbawaVclHg0Ieii80QyA8aEztEIAi6uNEpi8hkBpNGkwuBpYGsZwLx_gAXvzin:1q9qwY:05UCrmWb8xmaXMnW70oVUM691zi1OPN_ToSgdyLkTxk",
        "expire_date": "2023-06-29T17:39:34.281Z"
    }
},
{
    "model": "sessions.session",
    "pk": "88mb5wqbrjzfv337ifgwgmn3yk9abx08",
    "fields": {
        "session_data": ".eJxVjMsOwiAURP-FtSG8Cy7d-w0E7r1I1dCktCvjvytJFzrLOWfmxWLatxr3TmuckZ2ZY6ffLid4UBsA76ndFg5L29Y586Hwg3Z-XZCel8P9O6ip1-_aBy-9QFEolaCMMg6kSk5qISzBRFp4tFoSgs0gyqTROpNNGFG6WPb-AMulNyM:1q9rRX:DENQAZ5FOOCzeoAHHWc2ypdhWCyxWkk3LCx6Hvklesg",
        "expire_date": "2023-06-29T18:11:35.546Z"
    }
},
{
    "model": "sessions.session",
    "pk": "8h8mxz45l2upe0xiyeor55kx8gtjxwbn",
    "fields": {
        "session_data": ".eJxVjMsOwiAURP-FtSGXZ8Gl-34DgQtI1UBS2pXx36VJF7qbzDkzb-L8vhW397S6JZIrmcjltwsen6keID58vTeKrW7rEuih0JN2OreYXrfT_TsovpexljxZyRBzYNwYLhSHYJVQUkyGIwOAkRiODDozLYeQuZcWYrIKdCKfL6V5NhU:1q9mam:UiJId4CDnYKTuQri6cH0y9IFiOTOZQRzWG5c0GSO6vs",
        "expire_date": "2023-06-29T13:00:48.199Z"
    }
},
{
    "model": "sessions.session",
    "pk": "8s6mb1hysn1sa7sc8q06ug84pprt942k",
    "fields": {
        "session_data": ".eJxVjMsOwiAQRf-FtSE8pkBduvcbmgFmpGogKe3K-O_apAvd3nPOfYkJt7VMW6dlmrM4CxCn3y1ielDdQb5jvTWZWl2XOcpdkQft8toyPS-H-3dQsJdvnZwHNgQmKGWctx4MAw3IjpUDD5RHbSkNxDSyTtaFaJh0DAMashjE-wPQ3Tfk:1q9m7O:Lmd3lPIkRe2iC-vqS2bjBirBFeN_Pswn3H6mhhCT_eo",
        "expire_date": "2023-06-29T12:30:26.493Z"
    }
},
{
    "model": "sessions.session",
    "pk": "gmprh6r8zufwxcwmmz9qdoxhisu6l0ac",
    "fields": {
        "session_data": ".eJxVjEEOwiAQRe_C2hDKMAIu3fcMhGEGWzVtUtqV8e7apAvd_vfef6mUt3VIW5MljawuCtTpd6NcHjLtgO95us26zNO6jKR3RR-06X5meV4P9-9gyG341p2xbKMJtRoojpDJnWsOEaMwiPVUiD0JAFiP6Mh3gEako-CLRQzq_QHjeTek:1q9lGw:o-lnd04-cfUdjrR2rzK7VBcj5jRorTNrmQZd0u9U4gg",
        "expire_date": "2023-06-29T11:36:14.498Z"
    }
},
{
    "model": "sessions.session",
    "pk": "nqbciks6mi94hkwmfvpjt5p0njwft794",
    "fields": {
        "session_data": ".eJxVjEEOwiAQRe_C2hDKMAIu3fcMhGEGWzVtUtqV8e7apAvd_vfef6mUt3VIW5MljawuCtTpd6NcHjLtgO95us26zNO6jKR3RR-06X5meV4P9-9gyG341p2xbKMJtRoojpDJnWsOEaMwiPVUiD0JAFiP6Mh3gEako-CLRQzq_QHjeTek:1q9rTa:h4EA4UTuGARIxX-TCUcBinrvpDBzjvYqydeT-dOiFAU",
        "expire_date": "2023-06-29T18:13:42.169Z"
    }
},
{
    "model": "sessions.session",
    "pk": "v9gnckiz3b07sqkduku2olxg0auitssg",
    "fields": {
        "session_data": ".eJxVjMsOwiAQRf-FtSE8pkBduvcbmgFmpGogKe3K-O_apAvd3nPOfYkJt7VMW6dlmrM4CxCn3y1ielDdQb5jvTWZWl2XOcpdkQft8toyPS-H-3dQsJdvnZwHNgQmKGWctx4MAw3IjpUDD5RHbSkNxDSyTtaFaJh0DAMashjE-wPQ3Tfk:1q9rnP:Ozp-m-vQLmrDiHsDbJDlnVMqJRD26Z9q5k-xrcUbHWg",
        "expire_date": "2023-06-29T18:34:11.397Z"
    }
},
{
    "model": "sessions.session",
    "pk": "wr2trfzmxxcfbkr5hppsm4nwbc3uibrp",
    "fields": {
        "session_data": ".eJxVjDsOwjAQBe_iGlm2Y2yHkj5niJ531ziAEimfCnF3iJQC2jcz76V6bGvtt0XmfmB1UWd1-t0y6CHjDviO8TZpmsZ1HrLeFX3QRXcTy_N6uH8HFUv91h4x2phySS03DLZIgCVynoJxrbUEcWQERkpjHCP5IGh9KmxNRlDvD_yOOKY:1q9mGg:b6xAwkead8n9X8YIP3FDitcQctD00_mjVV2dFCNSdsM",
        "expire_date": "2023-06-29T12:40:02.400Z"
    }
},
{
    "model": "sessions.session",
    "pk": "yb0dzloumxrftgefl5dqidklbot3ciz5",
    "fields": {
        "session_data": ".eJxVjEsOwjAMBe-SNYoSnKQuS_acoXJslxZQIvWzQtydVuoCtm9m3tt0tC5Dt846daOYi0Fz-t0y8VPLDuRB5V4t17JMY7a7Yg8621sVfV0P9-9goHnY6uyDcOPb3KojxaTkehJGl-AMETE2GwB2SVRS6H0iRggeGooRANF8vvBLN38:1q9siD:eUgeJMuku2K6iCHsb6-6mJlNfs-2ZwTDKJ81p_SBSrA",
        "expire_date": "2023-06-29T19:32:53.481Z"
    }
}
]
